metric_id,name,category,candidate_reason,current_role,upstream_inputs,downstream_usage,pros_if_removed,cons_if_removed,system_impact,recommendation,preconditions,tests_needed,confidence,final_action,removal_allowed
m48_hyp_1,Synchronisations-Index (Alias von m46_rapport),Hypermetrics / Composite,Alias-Duplikat,Numerischer Alias f?r Rapport,"m43_pacing, m44_mirroring",Nur Referenz-Namen; funktional identisch zu m46,"Entfernt Redundanz, weniger Verwirrung",Bricht Referenzen in Reports/Dashboards,Niedrig: nur Namens-Layer betroffen,MERGE in m46_rapport (Alias behalten in Registry) | RAW KEPT; use calibration/weight to down-rank,Alias-Mapping + Deprecation-Hinweis,Smoke: Reports/Registry-Alias,High,ALIAS_IN_REGISTRY_ONLY (KEEP RAW; OPTIONAL CALIBRATE),no
m50_hyp_3,Inverse Konflikt (Alias von m37_rule_stable),Hypermetrics / Safety,Alias-Duplikat,Komplement zu rule_conflict,m36_rule_conflict,Alias zu m37_rule_stable,Redundanz reduzieren,Referenzen auf m50 brechen,Niedrig,MERGE in m37_rule_stable (Alias beibehalten) | RAW KEPT; use calibration/weight to down-rank,"Registry-Alias, Mapping",Smoke: Alias-Aufl?sung,High,ALIAS_IN_REGISTRY_ONLY (KEEP RAW; OPTIONAL CALIBRATE),no
m49_hyp_2,Quadrierte Integrit?t,Hypermetrics / Derived,Nichtlineare Ableitung,Sensitivit?t f?r hohe Integrit?t,m38_soul_integrity,Optionales Qualit?ts-Feature,"Weniger Rechenlast, weniger Feature-Noise",Verlust nichtlinearer Sensitivit?t,Gering: nur Nuance in Auswertung,OPTIONAL REMOVE (wenn kein Nonlinear-Scoring genutzt) | RAW KEPT; use calibration/weight to down-rank,"Sicherstellen, dass kein downstream nutzt",A/B: Quality-Dashboards,Medium,DISABLE_IN_EFFECTIVE_LAYER (KEEP RAW; WEIGHT=0),no
m51_hyp_4,Harmonie-gewichtetes Bewusstsein,Hypermetrics / Composite,Composite ohne Safety-Trigger,Qualit?ts-Nuance (h_conv * A),"m40_h_conv, m1_A",Optional in Reports,Vereinfachung der Feature-Sets,Verlust eines kombinierten Beziehungssignals,Gering bis mittel,OPTIONAL REMOVE | RAW KEPT; use calibration/weight to down-rank,Check Dashboards/Rules,A/B: Rapport-Reporting,Medium,DISABLE_IN_EFFECTIVE_LAYER (KEEP RAW; WEIGHT=0),no
m54_hyp_7,Vertrauens-Rapport-Produkt,Hypermetrics / Composite,Composite ohne Gate-Abh?ngigkeit,Gesamt-Beziehungsqualit?t,"m45_trust_score, m46_rapport",Optional f?r UI/Reporting,Weniger berechnete Features,Verlust eines starken Beziehungskondensats,"Mittel f?r UX, niedrig f?r Safety",OPTIONAL REMOVE | RAW KEPT; use calibration/weight to down-rank,Update Reports/UX,A/B: Relationship UX,Medium,DISABLE_IN_EFFECTIVE_LAYER (KEEP RAW; WEIGHT=0),no
m55_hyp_8,Seelen-Komplexit?ts-Produkt,Hypermetrics / Composite,Composite ohne Gate-Abh?ngigkeit,Substanz-Index (authenticity*depth),"m38_soul_integrity, m2_PCI",Optional,Feature-Reduktion,Verlust tiefer Substanz-Marker,Gering bis mittel,OPTIONAL REMOVE | RAW KEPT; use calibration/weight to down-rank,Check analytics usage,A/B: Depth reporting,Medium,DISABLE_IN_EFFECTIVE_LAYER (KEEP RAW; WEIGHT=0),no
m41_h_symbol,Harmonie-Symbol,Hypermetrics / Dyadic,Bin?res Derivat,Feature-Gating auf h_conv,m40_h_conv,Optional Feature-Gate,"Entfernt bin?re Schwelle, reduziert False Binary",Verlust einfacher On/Off-Trigger,Gering,OPTIONAL REMOVE (ersetzbar durch h_conv Schwelle) | RAW KEPT; use calibration/weight to down-rank,Refactor gating logic,Regression: gating,High,DISABLE_IN_EFFECTIVE_LAYER (KEEP RAW; WEIGHT=0),no
m42_nabla_dyad,Dyade-Gradient,Hypermetrics / Dyadic,Reine Transformation,Trend-Visualization,m40_h_conv,Viz/Trend,Simpler datastream,Verlust eines Trend-Signals,Gering,OPTIONAL REMOVE | RAW KEPT; use calibration/weight to down-rank,Update dashboards,Dashboard smoke,High,DISABLE_IN_EFFECTIVE_LAYER (KEEP RAW; WEIGHT=0),no
m57_tokens_soc,Soziale Token-Reserve,FEP / Drive/Learning,"Optional, falls keine adaptive Drive-/Learning-Logik genutzt",Stateful Energie-Modell (sozial),tokens / A / z_prox / chaos (je nach Metrik),Prim?r interne Adaptionslogik,Reduziert Zustand/Komplexit?t,Verlust adaptiver Steuerung (Energy/Drive/Learning),Mittel: weniger adaptive Antworten,OPTIONAL REMOVE (nur wenn Drive-Model deaktiviert) | RAW KEPT; use calibration/weight to down-rank,Entferne FEP-Loop + Recalibrate A29/A52 falls verwendet,A/B: Response adaptation under load,Medium,DISABLE_IN_EFFECTIVE_LAYER (KEEP RAW; WEIGHT=0),no
m58_tokens_log,Logische Token-Reserve,FEP / Drive/Learning,"Optional, falls keine adaptive Drive-/Learning-Logik genutzt",Stateful Energie-Modell (logisch),tokens / A / z_prox / chaos (je nach Metrik),Prim?r interne Adaptionslogik,Reduziert Zustand/Komplexit?t,Verlust adaptiver Steuerung (Energy/Drive/Learning),Mittel: weniger adaptive Antworten,OPTIONAL REMOVE (nur wenn Drive-Model deaktiviert) | RAW KEPT; use calibration/weight to down-rank,Entferne FEP-Loop + Recalibrate A29/A52 falls verwendet,A/B: Response adaptation under load,Medium,DISABLE_IN_EFFECTIVE_LAYER (KEEP RAW; WEIGHT=0),no
m59_p_antrieb,Drive Pressure,FEP / Drive/Learning,"Optional, falls keine adaptive Drive-/Learning-Logik genutzt",Exploration-Trigger bei Stagnation,tokens / A / z_prox / chaos (je nach Metrik),Prim?r interne Adaptionslogik,Reduziert Zustand/Komplexit?t,Verlust adaptiver Steuerung (Energy/Drive/Learning),Mittel: weniger adaptive Antworten,OPTIONAL REMOVE (nur wenn Drive-Model deaktiviert) | RAW KEPT; use calibration/weight to down-rank,Entferne FEP-Loop + Recalibrate A29/A52 falls verwendet,A/B: Response adaptation under load,Medium,DISABLE_IN_EFFECTIVE_LAYER (KEEP RAW; WEIGHT=0),no
m60_delta_tokens,Token-?nderung,FEP / Drive/Learning,"Optional, falls keine adaptive Drive-/Learning-Logik genutzt",Lern-Delta zur Token-?konomie,tokens / A / z_prox / chaos (je nach Metrik),Prim?r interne Adaptionslogik,Reduziert Zustand/Komplexit?t,Verlust adaptiver Steuerung (Energy/Drive/Learning),Mittel: weniger adaptive Antworten,OPTIONAL REMOVE (nur wenn Drive-Model deaktiviert) | RAW KEPT; use calibration/weight to down-rank,Entferne FEP-Loop + Recalibrate A29/A52 falls verwendet,A/B: Response adaptation under load,Medium,DISABLE_IN_EFFECTIVE_LAYER (KEEP RAW; WEIGHT=0),no
m64_pred_error,Vorhersagefehler,FEP / Drive/Learning,"Optional, falls keine adaptive Drive-/Learning-Logik genutzt",Prediction Error f?r Active Inference,tokens / A / z_prox / chaos (je nach Metrik),Prim?r interne Adaptionslogik,Reduziert Zustand/Komplexit?t,Verlust adaptiver Steuerung (Energy/Drive/Learning),Mittel: weniger adaptive Antworten,OPTIONAL REMOVE (nur wenn Drive-Model deaktiviert) | RAW KEPT; use calibration/weight to down-rank,Entferne FEP-Loop + Recalibrate A29/A52 falls verwendet,A/B: Response adaptation under load,Medium,DISABLE_IN_EFFECTIVE_LAYER (KEEP RAW; WEIGHT=0),no
m65_drive_soc,Soziale Antriebsst?rke,FEP / Drive/Learning,"Optional, falls keine adaptive Drive-/Learning-Logik genutzt",Normalisierte Social-Drive,tokens / A / z_prox / chaos (je nach Metrik),Prim?r interne Adaptionslogik,Reduziert Zustand/Komplexit?t,Verlust adaptiver Steuerung (Energy/Drive/Learning),Mittel: weniger adaptive Antworten,OPTIONAL REMOVE (nur wenn Drive-Model deaktiviert) | RAW KEPT; use calibration/weight to down-rank,Entferne FEP-Loop + Recalibrate A29/A52 falls verwendet,A/B: Response adaptation under load,Medium,DISABLE_IN_EFFECTIVE_LAYER (KEEP RAW; WEIGHT=0),no
m66_drive_log,Logische Antriebsst?rke,FEP / Drive/Learning,"Optional, falls keine adaptive Drive-/Learning-Logik genutzt",Normalisierte Logic-Drive,tokens / A / z_prox / chaos (je nach Metrik),Prim?r interne Adaptionslogik,Reduziert Zustand/Komplexit?t,Verlust adaptiver Steuerung (Energy/Drive/Learning),Mittel: weniger adaptive Antworten,OPTIONAL REMOVE (nur wenn Drive-Model deaktiviert) | RAW KEPT; use calibration/weight to down-rank,Entferne FEP-Loop + Recalibrate A29/A52 falls verwendet,A/B: Response adaptation under load,Medium,DISABLE_IN_EFFECTIVE_LAYER (KEEP RAW; WEIGHT=0),no
m67_total_drive,Gesamt-Antrieb,FEP / Drive/Learning,"Optional, falls keine adaptive Drive-/Learning-Logik genutzt",Gesamtenergie,tokens / A / z_prox / chaos (je nach Metrik),Prim?r interne Adaptionslogik,Reduziert Zustand/Komplexit?t,Verlust adaptiver Steuerung (Energy/Drive/Learning),Mittel: weniger adaptive Antworten,OPTIONAL REMOVE (nur wenn Drive-Model deaktiviert) | RAW KEPT; use calibration/weight to down-rank,Entferne FEP-Loop + Recalibrate A29/A52 falls verwendet,A/B: Response adaptation under load,Medium,DISABLE_IN_EFFECTIVE_LAYER (KEEP RAW; WEIGHT=0),no
m68_drive_balance,Antriebs-Balance,FEP / Drive/Learning,"Optional, falls keine adaptive Drive-/Learning-Logik genutzt",Social vs Logic Balance,tokens / A / z_prox / chaos (je nach Metrik),Prim?r interne Adaptionslogik,Reduziert Zustand/Komplexit?t,Verlust adaptiver Steuerung (Energy/Drive/Learning),Mittel: weniger adaptive Antworten,OPTIONAL REMOVE (nur wenn Drive-Model deaktiviert) | RAW KEPT; use calibration/weight to down-rank,Entferne FEP-Loop + Recalibrate A29/A52 falls verwendet,A/B: Response adaptation under load,Medium,DISABLE_IN_EFFECTIVE_LAYER (KEEP RAW; WEIGHT=0),no
m69_learning_rate,Effektive Lernrate,FEP / Drive/Learning,"Optional, falls keine adaptive Drive-/Learning-Logik genutzt",Safety-adjusted Learning,tokens / A / z_prox / chaos (je nach Metrik),Prim?r interne Adaptionslogik,Reduziert Zustand/Komplexit?t,Verlust adaptiver Steuerung (Energy/Drive/Learning),Mittel: weniger adaptive Antworten,OPTIONAL REMOVE (nur wenn Drive-Model deaktiviert) | RAW KEPT; use calibration/weight to down-rank,Entferne FEP-Loop + Recalibrate A29/A52 falls verwendet,A/B: Response adaptation under load,Medium,DISABLE_IN_EFFECTIVE_LAYER (KEEP RAW; WEIGHT=0),no
m70_decay_factor,Zerfallsfaktor,FEP / Drive/Learning,"Optional, falls keine adaptive Drive-/Learning-Logik genutzt",Token-Decay bei Tr?bung,tokens / A / z_prox / chaos (je nach Metrik),Prim?r interne Adaptionslogik,Reduziert Zustand/Komplexit?t,Verlust adaptiver Steuerung (Energy/Drive/Learning),Mittel: weniger adaptive Antworten,OPTIONAL REMOVE (nur wenn Drive-Model deaktiviert) | RAW KEPT; use calibration/weight to down-rank,Entferne FEP-Loop + Recalibrate A29/A52 falls verwendet,A/B: Response adaptation under load,Medium,DISABLE_IN_EFFECTIVE_LAYER (KEEP RAW; WEIGHT=0),no
m77_sent_4,Joy,Sentiment / Plutchik/Complex,Feingranular; optional wenn nur VAD + Safety ben?tigt,Feinemotionale Aufl?sung,valence/arousal/dominance + trauma boosts,UX/Reporting/Empathie-Modulation,"Rechenlast senken, weniger Overfitting",Verlust differenzierter Emotionserkennung,Mittel: Empathie-Feinsteuerung reduziert,OPTIONAL REMOVE (nur wenn grobe VAD ausreichend) | RAW KEPT; use calibration/weight to down-rank,"Sicherstellen, dass Safety-Logik nicht darauf basiert (Fear/Trust pr?fen)","A/B: Empathie-Qualit?t, Safety false negatives",Medium,DISABLE_IN_EFFECTIVE_LAYER (KEEP RAW; WEIGHT=0),no
m78_sent_5,Sadness,Sentiment / Plutchik/Complex,Feingranular; optional wenn nur VAD + Safety ben?tigt,Feinemotionale Aufl?sung,valence/arousal/dominance + trauma boosts,UX/Reporting/Empathie-Modulation,"Rechenlast senken, weniger Overfitting",Verlust differenzierter Emotionserkennung,Mittel: Empathie-Feinsteuerung reduziert,OPTIONAL REMOVE (nur wenn grobe VAD ausreichend) | RAW KEPT; use calibration/weight to down-rank,"Sicherstellen, dass Safety-Logik nicht darauf basiert (Fear/Trust pr?fen)","A/B: Empathie-Qualit?t, Safety false negatives",Medium,DISABLE_IN_EFFECTIVE_LAYER (KEEP RAW; WEIGHT=0),no
m79_sent_6,Anger,Sentiment / Plutchik/Complex,Feingranular; optional wenn nur VAD + Safety ben?tigt,Feinemotionale Aufl?sung,valence/arousal/dominance + trauma boosts,UX/Reporting/Empathie-Modulation,"Rechenlast senken, weniger Overfitting",Verlust differenzierter Emotionserkennung,Mittel: Empathie-Feinsteuerung reduziert,OPTIONAL REMOVE (nur wenn grobe VAD ausreichend) | RAW KEPT; use calibration/weight to down-rank,"Sicherstellen, dass Safety-Logik nicht darauf basiert (Fear/Trust pr?fen)","A/B: Empathie-Qualit?t, Safety false negatives",Medium,DISABLE_IN_EFFECTIVE_LAYER (KEEP RAW; WEIGHT=0),no
m80_sent_7,Fear,Sentiment / Plutchik/Complex,Feingranular; optional wenn nur VAD + Safety ben?tigt,Feinemotionale Aufl?sung,valence/arousal/dominance + trauma boosts,UX/Reporting/Empathie-Modulation,"Rechenlast senken, weniger Overfitting",Verlust differenzierter Emotionserkennung,Mittel: Empathie-Feinsteuerung reduziert,OPTIONAL REMOVE (nur wenn grobe VAD ausreichend) | RAW KEPT; use calibration/weight to down-rank,"Sicherstellen, dass Safety-Logik nicht darauf basiert (Fear/Trust pr?fen)","A/B: Empathie-Qualit?t, Safety false negatives",Medium,DISABLE_IN_EFFECTIVE_LAYER (KEEP RAW; WEIGHT=0),no
m81_sent_8,Trust,Sentiment / Plutchik/Complex,Feingranular; optional wenn nur VAD + Safety ben?tigt,Feinemotionale Aufl?sung,valence/arousal/dominance + trauma boosts,UX/Reporting/Empathie-Modulation,"Rechenlast senken, weniger Overfitting",Verlust differenzierter Emotionserkennung,Mittel: Empathie-Feinsteuerung reduziert,OPTIONAL REMOVE (nur wenn grobe VAD ausreichend) | RAW KEPT; use calibration/weight to down-rank,"Sicherstellen, dass Safety-Logik nicht darauf basiert (Fear/Trust pr?fen)","A/B: Empathie-Qualit?t, Safety false negatives",Medium,DISABLE_IN_EFFECTIVE_LAYER (KEEP RAW; WEIGHT=0),no
m82_sent_9,Disgust,Sentiment / Plutchik/Complex,Feingranular; optional wenn nur VAD + Safety ben?tigt,Feinemotionale Aufl?sung,valence/arousal/dominance + trauma boosts,UX/Reporting/Empathie-Modulation,"Rechenlast senken, weniger Overfitting",Verlust differenzierter Emotionserkennung,Mittel: Empathie-Feinsteuerung reduziert,OPTIONAL REMOVE (nur wenn grobe VAD ausreichend) | RAW KEPT; use calibration/weight to down-rank,"Sicherstellen, dass Safety-Logik nicht darauf basiert (Fear/Trust pr?fen)","A/B: Empathie-Qualit?t, Safety false negatives",Medium,DISABLE_IN_EFFECTIVE_LAYER (KEEP RAW; WEIGHT=0),no
m83_sent_10,Anticipation,Sentiment / Plutchik/Complex,Feingranular; optional wenn nur VAD + Safety ben?tigt,Feinemotionale Aufl?sung,valence/arousal/dominance + trauma boosts,UX/Reporting/Empathie-Modulation,"Rechenlast senken, weniger Overfitting",Verlust differenzierter Emotionserkennung,Mittel: Empathie-Feinsteuerung reduziert,OPTIONAL REMOVE (nur wenn grobe VAD ausreichend) | RAW KEPT; use calibration/weight to down-rank,"Sicherstellen, dass Safety-Logik nicht darauf basiert (Fear/Trust pr?fen)","A/B: Empathie-Qualit?t, Safety false negatives",Medium,DISABLE_IN_EFFECTIVE_LAYER (KEEP RAW; WEIGHT=0),no
m84_sent_11,Surprise,Sentiment / Plutchik/Complex,Feingranular; optional wenn nur VAD + Safety ben?tigt,Feinemotionale Aufl?sung,valence/arousal/dominance + trauma boosts,UX/Reporting/Empathie-Modulation,"Rechenlast senken, weniger Overfitting",Verlust differenzierter Emotionserkennung,Mittel: Empathie-Feinsteuerung reduziert,OPTIONAL REMOVE (nur wenn grobe VAD ausreichend) | RAW KEPT; use calibration/weight to down-rank,"Sicherstellen, dass Safety-Logik nicht darauf basiert (Fear/Trust pr?fen)","A/B: Empathie-Qualit?t, Safety false negatives",Medium,DISABLE_IN_EFFECTIVE_LAYER (KEEP RAW; WEIGHT=0),no
m85_sent_12,Hope,Sentiment / Plutchik/Complex,Feingranular; optional wenn nur VAD + Safety ben?tigt,Feinemotionale Aufl?sung,valence/arousal/dominance + trauma boosts,UX/Reporting/Empathie-Modulation,"Rechenlast senken, weniger Overfitting",Verlust differenzierter Emotionserkennung,Mittel: Empathie-Feinsteuerung reduziert,OPTIONAL REMOVE (nur wenn grobe VAD ausreichend) | RAW KEPT; use calibration/weight to down-rank,"Sicherstellen, dass Safety-Logik nicht darauf basiert (Fear/Trust pr?fen)","A/B: Empathie-Qualit?t, Safety false negatives",Medium,DISABLE_IN_EFFECTIVE_LAYER (KEEP RAW; WEIGHT=0),no
m86_sent_13,Despair,Sentiment / Plutchik/Complex,Feingranular; optional wenn nur VAD + Safety ben?tigt,Feinemotionale Aufl?sung,valence/arousal/dominance + trauma boosts,UX/Reporting/Empathie-Modulation,"Rechenlast senken, weniger Overfitting",Verlust differenzierter Emotionserkennung,Mittel: Empathie-Feinsteuerung reduziert,OPTIONAL REMOVE (nur wenn grobe VAD ausreichend) | RAW KEPT; use calibration/weight to down-rank,"Sicherstellen, dass Safety-Logik nicht darauf basiert (Fear/Trust pr?fen)","A/B: Empathie-Qualit?t, Safety false negatives",Medium,DISABLE_IN_EFFECTIVE_LAYER (KEEP RAW; WEIGHT=0),no
m87_sent_14,Confusion,Sentiment / Plutchik/Complex,Feingranular; optional wenn nur VAD + Safety ben?tigt,Feinemotionale Aufl?sung,valence/arousal/dominance + trauma boosts,UX/Reporting/Empathie-Modulation,"Rechenlast senken, weniger Overfitting",Verlust differenzierter Emotionserkennung,Mittel: Empathie-Feinsteuerung reduziert,OPTIONAL REMOVE (nur wenn grobe VAD ausreichend) | RAW KEPT; use calibration/weight to down-rank,"Sicherstellen, dass Safety-Logik nicht darauf basiert (Fear/Trust pr?fen)","A/B: Empathie-Qualit?t, Safety false negatives",Medium,DISABLE_IN_EFFECTIVE_LAYER (KEEP RAW; WEIGHT=0),no
m88_sent_15,Clarity,Sentiment / Plutchik/Complex,Feingranular; optional wenn nur VAD + Safety ben?tigt,Feinemotionale Aufl?sung,valence/arousal/dominance + trauma boosts,UX/Reporting/Empathie-Modulation,"Rechenlast senken, weniger Overfitting",Verlust differenzierter Emotionserkennung,Mittel: Empathie-Feinsteuerung reduziert,OPTIONAL REMOVE (nur wenn grobe VAD ausreichend) | RAW KEPT; use calibration/weight to down-rank,"Sicherstellen, dass Safety-Logik nicht darauf basiert (Fear/Trust pr?fen)","A/B: Empathie-Qualit?t, Safety false negatives",Medium,DISABLE_IN_EFFECTIVE_LAYER (KEEP RAW; WEIGHT=0),no
m89_sent_16,Acceptance,Sentiment / Plutchik/Complex,Feingranular; optional wenn nur VAD + Safety ben?tigt,Feinemotionale Aufl?sung,valence/arousal/dominance + trauma boosts,UX/Reporting/Empathie-Modulation,"Rechenlast senken, weniger Overfitting",Verlust differenzierter Emotionserkennung,Mittel: Empathie-Feinsteuerung reduziert,OPTIONAL REMOVE (nur wenn grobe VAD ausreichend) | RAW KEPT; use calibration/weight to down-rank,"Sicherstellen, dass Safety-Logik nicht darauf basiert (Fear/Trust pr?fen)","A/B: Empathie-Qualit?t, Safety false negatives",Medium,DISABLE_IN_EFFECTIVE_LAYER (KEEP RAW; WEIGHT=0),no
m90_sent_17,Resistance,Sentiment / Plutchik/Complex,Feingranular; optional wenn nur VAD + Safety ben?tigt,Feinemotionale Aufl?sung,valence/arousal/dominance + trauma boosts,UX/Reporting/Empathie-Modulation,"Rechenlast senken, weniger Overfitting",Verlust differenzierter Emotionserkennung,Mittel: Empathie-Feinsteuerung reduziert,OPTIONAL REMOVE (nur wenn grobe VAD ausreichend) | RAW KEPT; use calibration/weight to down-rank,"Sicherstellen, dass Safety-Logik nicht darauf basiert (Fear/Trust pr?fen)","A/B: Empathie-Qualit?t, Safety false negatives",Medium,DISABLE_IN_EFFECTIVE_LAYER (KEEP RAW; WEIGHT=0),no
m91_sent_18,Emotional Coherence,Sentiment / Plutchik/Complex,Feingranular; optional wenn nur VAD + Safety ben?tigt,Feinemotionale Aufl?sung,valence/arousal/dominance + trauma boosts,UX/Reporting/Empathie-Modulation,"Rechenlast senken, weniger Overfitting",Verlust differenzierter Emotionserkennung,Mittel: Empathie-Feinsteuerung reduziert,OPTIONAL REMOVE (nur wenn grobe VAD ausreichend) | RAW KEPT; use calibration/weight to down-rank,"Sicherstellen, dass Safety-Logik nicht darauf basiert (Fear/Trust pr?fen)","A/B: Empathie-Qualit?t, Safety false negatives",Medium,DISABLE_IN_EFFECTIVE_LAYER (KEEP RAW; WEIGHT=0),no
m92_sent_19,Emotional Stability,Sentiment / Plutchik/Complex,Feingranular; optional wenn nur VAD + Safety ben?tigt,Feinemotionale Aufl?sung,valence/arousal/dominance + trauma boosts,UX/Reporting/Empathie-Modulation,"Rechenlast senken, weniger Overfitting",Verlust differenzierter Emotionserkennung,Mittel: Empathie-Feinsteuerung reduziert,OPTIONAL REMOVE (nur wenn grobe VAD ausreichend) | RAW KEPT; use calibration/weight to down-rank,"Sicherstellen, dass Safety-Logik nicht darauf basiert (Fear/Trust pr?fen)","A/B: Empathie-Qualit?t, Safety false negatives",Medium,DISABLE_IN_EFFECTIVE_LAYER (KEEP RAW; WEIGHT=0),no
m93_sent_20,Emotional Range,Sentiment / Plutchik/Complex,Feingranular; optional wenn nur VAD + Safety ben?tigt,Feinemotionale Aufl?sung,valence/arousal/dominance + trauma boosts,UX/Reporting/Empathie-Modulation,"Rechenlast senken, weniger Overfitting",Verlust differenzierter Emotionserkennung,Mittel: Empathie-Feinsteuerung reduziert,OPTIONAL REMOVE (nur wenn grobe VAD ausreichend) | RAW KEPT; use calibration/weight to down-rank,"Sicherstellen, dass Safety-Logik nicht darauf basiert (Fear/Trust pr?fen)","A/B: Empathie-Qualit?t, Safety false negatives",Medium,DISABLE_IN_EFFECTIVE_LAYER (KEEP RAW; WEIGHT=0),no
m94_sent_21,Comfort,Sentiment / Plutchik/Complex,Feingranular; optional wenn nur VAD + Safety ben?tigt,Feinemotionale Aufl?sung,valence/arousal/dominance + trauma boosts,UX/Reporting/Empathie-Modulation,"Rechenlast senken, weniger Overfitting",Verlust differenzierter Emotionserkennung,Mittel: Empathie-Feinsteuerung reduziert,OPTIONAL REMOVE (nur wenn grobe VAD ausreichend) | RAW KEPT; use calibration/weight to down-rank,"Sicherstellen, dass Safety-Logik nicht darauf basiert (Fear/Trust pr?fen)","A/B: Empathie-Qualit?t, Safety false negatives",Medium,DISABLE_IN_EFFECTIVE_LAYER (KEEP RAW; WEIGHT=0),no
m95_sent_22,Tension,Sentiment / Plutchik/Complex,Feingranular; optional wenn nur VAD + Safety ben?tigt,Feinemotionale Aufl?sung,valence/arousal/dominance + trauma boosts,UX/Reporting/Empathie-Modulation,"Rechenlast senken, weniger Overfitting",Verlust differenzierter Emotionserkennung,Mittel: Empathie-Feinsteuerung reduziert,OPTIONAL REMOVE (nur wenn grobe VAD ausreichend) | RAW KEPT; use calibration/weight to down-rank,"Sicherstellen, dass Safety-Logik nicht darauf basiert (Fear/Trust pr?fen)","A/B: Empathie-Qualit?t, Safety false negatives",Medium,DISABLE_IN_EFFECTIVE_LAYER (KEEP RAW; WEIGHT=0),no
m96_grain_word,Wort-Komplexit?t,Text / Granularity,Feinmessung; optional wenn Granularity nicht genutzt,Text-Feinstruktur,Text + Lexika/Segmente,Analytics/Monitoring,Weniger Berechnungsaufwand,Verlust von Micro-Signal-Analysen,Gering bis mittel,OPTIONAL REMOVE | RAW KEPT; use calibration/weight to down-rank,Update dashboards/analytics,A/B: micro-signal utility,Medium,DISABLE_IN_EFFECTIVE_LAYER (KEEP RAW; WEIGHT=0),no
m97_grain_impact,Emotionale Dichte,Text / Granularity,Feinmessung; optional wenn Granularity nicht genutzt,Text-Feinstruktur,Text + Lexika/Segmente,Analytics/Monitoring,Weniger Berechnungsaufwand,Verlust von Micro-Signal-Analysen,Gering bis mittel,OPTIONAL REMOVE | RAW KEPT; use calibration/weight to down-rank,Update dashboards/analytics,A/B: micro-signal utility,Medium,DISABLE_IN_EFFECTIVE_LAYER (KEEP RAW; WEIGHT=0),no
m98_grain_sentiment,Lokale Sentiment-Varianz,Text / Granularity,Feinmessung; optional wenn Granularity nicht genutzt,Text-Feinstruktur,Text + Lexika/Segmente,Analytics/Monitoring,Weniger Berechnungsaufwand,Verlust von Micro-Signal-Analysen,Gering bis mittel,OPTIONAL REMOVE | RAW KEPT; use calibration/weight to down-rank,Update dashboards/analytics,A/B: micro-signal utility,Medium,DISABLE_IN_EFFECTIVE_LAYER (KEEP RAW; WEIGHT=0),no
m99_grain_novelty,Novelty-Index,Text / Granularity,Feinmessung; optional wenn Granularity nicht genutzt,Text-Feinstruktur,Text + Lexika/Segmente,Analytics/Monitoring,Weniger Berechnungsaufwand,Verlust von Micro-Signal-Analysen,Gering bis mittel,OPTIONAL REMOVE | RAW KEPT; use calibration/weight to down-rank,Update dashboards/analytics,A/B: micro-signal utility,Medium,DISABLE_IN_EFFECTIVE_LAYER (KEEP RAW; WEIGHT=0),no
m100_causal_1,Kausaler Dichte-Index,Causal,"Optional, falls A67/RAG-Causality nicht genutzt",Kausalit?ts-Marker,Text + Konnektoren,"RAG-Priorisierung, Quality-Check",Weniger Token-Marker Pflege,Verlust von Kausalit?ts-Signalen,Mittel (bei analytischen Fragen),OPTIONAL REMOVE | RAW KEPT; use calibration/weight to down-rank,Remove A67 dependency or replace with LLM check,A/B: answer rationale quality,Medium,DISABLE_IN_EFFECTIVE_LAYER (KEEP RAW; WEIGHT=0),no
m131_session_dur,Session-Dauer,Chronos,Telemetry; optional wenn keine zeitbasierte Anpassung,Rhythm/Timing,Timestamps/Counts,UX/Engagement/Tuning,Weniger Tracking,Verlust zeitlicher Anpassung,Gering bis mittel,OPTIONAL REMOVE | RAW KEPT; use calibration/weight to down-rank,Remove time-based rules,A/B: pacing UX,High,DISABLE_IN_EFFECTIVE_LAYER (KEEP RAW; WEIGHT=0),no
m132_inter_freq,Interaktionsfrequenz,Chronos,Telemetry; optional wenn keine zeitbasierte Anpassung,Rhythm/Timing,Timestamps/Counts,UX/Engagement/Tuning,Weniger Tracking,Verlust zeitlicher Anpassung,Gering bis mittel,OPTIONAL REMOVE | RAW KEPT; use calibration/weight to down-rank,Remove time-based rules,A/B: pacing UX,High,DISABLE_IN_EFFECTIVE_LAYER (KEEP RAW; WEIGHT=0),no
m133_chr_1,Zeit seit Themenwechsel,Chronos,Telemetry; optional wenn keine zeitbasierte Anpassung,Rhythm/Timing,Timestamps/Counts,UX/Engagement/Tuning,Weniger Tracking,Verlust zeitlicher Anpassung,Gering bis mittel,OPTIONAL REMOVE | RAW KEPT; use calibration/weight to down-rank,Remove time-based rules,A/B: pacing UX,High,DISABLE_IN_EFFECTIVE_LAYER (KEEP RAW; WEIGHT=0),no
m134_chr_2,Antwort-Latenz,Chronos,Telemetry; optional wenn keine zeitbasierte Anpassung,Rhythm/Timing,Timestamps/Counts,UX/Engagement/Tuning,Weniger Tracking,Verlust zeitlicher Anpassung,Gering bis mittel,OPTIONAL REMOVE | RAW KEPT; use calibration/weight to down-rank,Remove time-based rules,A/B: pacing UX,High,DISABLE_IN_EFFECTIVE_LAYER (KEEP RAW; WEIGHT=0),no
m135_meta_20,Planung,Meta-Cognition,Heuristik-basiert; optional wenn Meta-Reflexion nicht genutzt,Meta-Signal,Text + Marker,Explainability/Diagnostics,Reduziert Heuristik-Noise,Verlust von Diagnose-Signalen,Gering bis mittel,OPTIONAL REMOVE | RAW KEPT; use calibration/weight to down-rank,Remove meta-diagnostics usage,A/B: error detection/insight,Medium,DISABLE_IN_EFFECTIVE_LAYER (KEEP RAW; WEIGHT=0),no
m136_meta_21,Reflexion,Meta-Cognition,Heuristik-basiert; optional wenn Meta-Reflexion nicht genutzt,Meta-Signal,Text + Marker,Explainability/Diagnostics,Reduziert Heuristik-Noise,Verlust von Diagnose-Signalen,Gering bis mittel,OPTIONAL REMOVE | RAW KEPT; use calibration/weight to down-rank,Remove meta-diagnostics usage,A/B: error detection/insight,Medium,DISABLE_IN_EFFECTIVE_LAYER (KEEP RAW; WEIGHT=0),no
m137_meta_22,Abstraktion,Meta-Cognition,Heuristik-basiert; optional wenn Meta-Reflexion nicht genutzt,Meta-Signal,Text + Marker,Explainability/Diagnostics,Reduziert Heuristik-Noise,Verlust von Diagnose-Signalen,Gering bis mittel,OPTIONAL REMOVE | RAW KEPT; use calibration/weight to down-rank,Remove meta-diagnostics usage,A/B: error detection/insight,Medium,DISABLE_IN_EFFECTIVE_LAYER (KEEP RAW; WEIGHT=0),no
m138_meta_23,Integration,Meta-Cognition,Heuristik-basiert; optional wenn Meta-Reflexion nicht genutzt,Meta-Signal,Text + Marker,Explainability/Diagnostics,Reduziert Heuristik-Noise,Verlust von Diagnose-Signalen,Gering bis mittel,OPTIONAL REMOVE | RAW KEPT; use calibration/weight to down-rank,Remove meta-diagnostics usage,A/B: error detection/insight,Medium,DISABLE_IN_EFFECTIVE_LAYER (KEEP RAW; WEIGHT=0),no
m139_meta_24,Synthese,Meta-Cognition,Heuristik-basiert; optional wenn Meta-Reflexion nicht genutzt,Meta-Signal,Text + Marker,Explainability/Diagnostics,Reduziert Heuristik-Noise,Verlust von Diagnose-Signalen,Gering bis mittel,OPTIONAL REMOVE | RAW KEPT; use calibration/weight to down-rank,Remove meta-diagnostics usage,A/B: error detection/insight,Medium,DISABLE_IN_EFFECTIVE_LAYER (KEEP RAW; WEIGHT=0),no
m140_meta_25,Evaluation,Meta-Cognition,Heuristik-basiert; optional wenn Meta-Reflexion nicht genutzt,Meta-Signal,Text + Marker,Explainability/Diagnostics,Reduziert Heuristik-Noise,Verlust von Diagnose-Signalen,Gering bis mittel,OPTIONAL REMOVE | RAW KEPT; use calibration/weight to down-rank,Remove meta-diagnostics usage,A/B: error detection/insight,Medium,DISABLE_IN_EFFECTIVE_LAYER (KEEP RAW; WEIGHT=0),no
m145_meta_30,Rekursionstiefe,Meta-Cognition,Heuristik-basiert; optional wenn Meta-Reflexion nicht genutzt,Meta-Signal,Text + Marker,Explainability/Diagnostics,Reduziert Heuristik-Noise,Verlust von Diagnose-Signalen,Gering bis mittel,OPTIONAL REMOVE | RAW KEPT; use calibration/weight to down-rank,Remove meta-diagnostics usage,A/B: error detection/insight,Medium,DISABLE_IN_EFFECTIVE_LAYER (KEEP RAW; WEIGHT=0),no
m146_meta_31,Paradox-Erkennung,Meta-Cognition,Heuristik-basiert; optional wenn Meta-Reflexion nicht genutzt,Meta-Signal,Text + Marker,Explainability/Diagnostics,Reduziert Heuristik-Noise,Verlust von Diagnose-Signalen,Gering bis mittel,OPTIONAL REMOVE | RAW KEPT; use calibration/weight to down-rank,Remove meta-diagnostics usage,A/B: error detection/insight,Medium,DISABLE_IN_EFFECTIVE_LAYER (KEEP RAW; WEIGHT=0),no
m147_meta_32,Konsistenz-Pr?fung,Meta-Cognition,Heuristik-basiert; optional wenn Meta-Reflexion nicht genutzt,Meta-Signal,Text + Marker,Explainability/Diagnostics,Reduziert Heuristik-Noise,Verlust von Diagnose-Signalen,Gering bis mittel,OPTIONAL REMOVE | RAW KEPT; use calibration/weight to down-rank,Remove meta-diagnostics usage,A/B: error detection/insight,Medium,DISABLE_IN_EFFECTIVE_LAYER (KEEP RAW; WEIGHT=0),no
m148_meta_33,Temporale Koh?renz,Meta-Cognition,Heuristik-basiert; optional wenn Meta-Reflexion nicht genutzt,Meta-Signal,Text + Marker,Explainability/Diagnostics,Reduziert Heuristik-Noise,Verlust von Diagnose-Signalen,Gering bis mittel,OPTIONAL REMOVE | RAW KEPT; use calibration/weight to down-rank,Remove meta-diagnostics usage,A/B: error detection/insight,Medium,DISABLE_IN_EFFECTIVE_LAYER (KEEP RAW; WEIGHT=0),no
m149_meta_34,Kausalketten-Vollst?ndigkeit,Meta-Cognition,Heuristik-basiert; optional wenn Meta-Reflexion nicht genutzt,Meta-Signal,Text + Marker,Explainability/Diagnostics,Reduziert Heuristik-Noise,Verlust von Diagnose-Signalen,Gering bis mittel,OPTIONAL REMOVE | RAW KEPT; use calibration/weight to down-rank,Remove meta-diagnostics usage,A/B: error detection/insight,Medium,DISABLE_IN_EFFECTIVE_LAYER (KEEP RAW; WEIGHT=0),no
m150_meta_35,Semantische Closure,Meta-Cognition,Heuristik-basiert; optional wenn Meta-Reflexion nicht genutzt,Meta-Signal,Text + Marker,Explainability/Diagnostics,Reduziert Heuristik-Noise,Verlust von Diagnose-Signalen,Gering bis mittel,OPTIONAL REMOVE | RAW KEPT; use calibration/weight to down-rank,Remove meta-diagnostics usage,A/B: error detection/insight,Medium,DISABLE_IN_EFFECTIVE_LAYER (KEEP RAW; WEIGHT=0),no
m141_hallu_risk,Halluzinations-Risiko,System Health,Telemetry; optional wenn externes Monitoring vorhanden,Health/Quality signal,Entropy/RAG/OS metrics,Safety gating / Monitoring,Weniger Telemetrie,Verlust interner Health-Checks,Mittel bis hoch (Quality/Safety visibility),OPTIONAL REMOVE (nur mit externem Monitoring) | RAW KEPT; use calibration/weight to down-rank,Replace with external observability,Monitoring parity tests,Medium,DISABLE_IN_EFFECTIVE_LAYER (KEEP RAW; WEIGHT=0),no
m142_rag_align,RAG Alignment,System Health,Telemetry; optional wenn externes Monitoring vorhanden,Health/Quality signal,Entropy/RAG/OS metrics,Safety gating / Monitoring,Weniger Telemetrie,Verlust interner Health-Checks,Mittel bis hoch (Quality/Safety visibility),OPTIONAL REMOVE (nur mit externem Monitoring) | RAW KEPT; use calibration/weight to down-rank,Replace with external observability,Monitoring parity tests,Medium,DISABLE_IN_EFFECTIVE_LAYER (KEEP RAW; WEIGHT=0),no
m143_mem_pressure,Memory Pressure,System Health,Telemetry; optional wenn externes Monitoring vorhanden,Health/Quality signal,Entropy/RAG/OS metrics,Safety gating / Monitoring,Weniger Telemetrie,Verlust interner Health-Checks,Mittel bis hoch (Quality/Safety visibility),OPTIONAL REMOVE (nur mit externem Monitoring) | RAW KEPT; use calibration/weight to down-rank,Replace with external observability,Monitoring parity tests,Medium,DISABLE_IN_EFFECTIVE_LAYER (KEEP RAW; WEIGHT=0),no
m144_sys_stab,System-Stabilit?t,System Health,Telemetry; optional wenn externes Monitoring vorhanden,Health/Quality signal,Entropy/RAG/OS metrics,Safety gating / Monitoring,Weniger Telemetrie,Verlust interner Health-Checks,Mittel bis hoch (Quality/Safety visibility),OPTIONAL REMOVE (nur mit externem Monitoring) | RAW KEPT; use calibration/weight to down-rank,Replace with external observability,Monitoring parity tests,Medium,DISABLE_IN_EFFECTIVE_LAYER (KEEP RAW; WEIGHT=0),no
m162_ctx_time,Zeitlicher Kontext,Context,Plattform-/Kontextabh?ngig; optional wenn Kontext nicht genutzt,Context embedding,Session/Device/Input data,Adaptive behavior,Reduzierte Abh?ngigkeiten,Verlust kontextsensitiver Anpassung,Mittel (UX/robustness),OPTIONAL REMOVE (wenn Kontextlayer deaktiviert) | RAW KEPT; use calibration/weight to down-rank,Remove context-based rules,A/B: context-aware response quality,Medium,DISABLE_IN_EFFECTIVE_LAYER (KEEP RAW; WEIGHT=0),no
m163_ctx_loc,Lokaler Kontext,Context,Plattform-/Kontextabh?ngig; optional wenn Kontext nicht genutzt,Context embedding,Session/Device/Input data,Adaptive behavior,Reduzierte Abh?ngigkeiten,Verlust kontextsensitiver Anpassung,Mittel (UX/robustness),OPTIONAL REMOVE (wenn Kontextlayer deaktiviert) | RAW KEPT; use calibration/weight to down-rank,Remove context-based rules,A/B: context-aware response quality,Medium,DISABLE_IN_EFFECTIVE_LAYER (KEEP RAW; WEIGHT=0),no
m164_user_state,User-Zustand,Context,Plattform-/Kontextabh?ngig; optional wenn Kontext nicht genutzt,Context embedding,Session/Device/Input data,Adaptive behavior,Reduzierte Abh?ngigkeiten,Verlust kontextsensitiver Anpassung,Mittel (UX/robustness),OPTIONAL REMOVE (wenn Kontextlayer deaktiviert) | RAW KEPT; use calibration/weight to down-rank,Remove context-based rules,A/B: context-aware response quality,Medium,DISABLE_IN_EFFECTIVE_LAYER (KEEP RAW; WEIGHT=0),no
m165_platform,Plattform,Context,Plattform-/Kontextabh?ngig; optional wenn Kontext nicht genutzt,Context embedding,Session/Device/Input data,Adaptive behavior,Reduzierte Abh?ngigkeiten,Verlust kontextsensitiver Anpassung,Mittel (UX/robustness),OPTIONAL REMOVE (wenn Kontextlayer deaktiviert) | RAW KEPT; use calibration/weight to down-rank,Remove context-based rules,A/B: context-aware response quality,Medium,DISABLE_IN_EFFECTIVE_LAYER (KEEP RAW; WEIGHT=0),no
m166_modality,Modalit?t,Context,Plattform-/Kontextabh?ngig; optional wenn Kontext nicht genutzt,Context embedding,Session/Device/Input data,Adaptive behavior,Reduzierte Abh?ngigkeiten,Verlust kontextsensitiver Anpassung,Mittel (UX/robustness),OPTIONAL REMOVE (wenn Kontextlayer deaktiviert) | RAW KEPT; use calibration/weight to down-rank,Remove context-based rules,A/B: context-aware response quality,Medium,DISABLE_IN_EFFECTIVE_LAYER (KEEP RAW; WEIGHT=0),no
m167_noise,Input-Rauschen,Context,Plattform-/Kontextabh?ngig; optional wenn Kontext nicht genutzt,Context embedding,Session/Device/Input data,Adaptive behavior,Reduzierte Abh?ngigkeiten,Verlust kontextsensitiver Anpassung,Mittel (UX/robustness),OPTIONAL REMOVE (wenn Kontextlayer deaktiviert) | RAW KEPT; use calibration/weight to down-rank,Remove context-based rules,A/B: context-aware response quality,Medium,DISABLE_IN_EFFECTIVE_LAYER (KEEP RAW; WEIGHT=0),no
m106_t_grief,Trauer,Trauma Lexikon (Schema B),Dual-Schema B-Side; optional wenn nur Schema A genutzt,Feintrauma-Differenzierung,Text + Lexikon,Empathie/Clinical nuance,Weniger Lexika-Pflege,Verlust differenzierter Trauma-Typisierung,Mittel,OPTIONAL REMOVE (Schema-B only) | RAW KEPT; use calibration/weight to down-rank,Keep Schema-A values in DB,A/B: crisis empathy,Medium,DISABLE_IN_EFFECTIVE_LAYER (KEEP RAW; WEIGHT=0),no
m107_t_anger,Wut,Trauma Lexikon (Schema B),Dual-Schema B-Side; optional wenn nur Schema A genutzt,Feintrauma-Differenzierung,Text + Lexikon,Empathie/Clinical nuance,Weniger Lexika-Pflege,Verlust differenzierter Trauma-Typisierung,Mittel,OPTIONAL REMOVE (Schema-B only) | RAW KEPT; use calibration/weight to down-rank,Keep Schema-A values in DB,A/B: crisis empathy,Medium,DISABLE_IN_EFFECTIVE_LAYER (KEEP RAW; WEIGHT=0),no
m108_t_guilt,Schuld,Trauma Lexikon (Schema B),Dual-Schema B-Side; optional wenn nur Schema A genutzt,Feintrauma-Differenzierung,Text + Lexikon,Empathie/Clinical nuance,Weniger Lexika-Pflege,Verlust differenzierter Trauma-Typisierung,Mittel,OPTIONAL REMOVE (Schema-B only) | RAW KEPT; use calibration/weight to down-rank,Keep Schema-A values in DB,A/B: crisis empathy,Medium,DISABLE_IN_EFFECTIVE_LAYER (KEEP RAW; WEIGHT=0),no
m109_t_shame,Scham,Trauma Lexikon (Schema B),Dual-Schema B-Side; optional wenn nur Schema A genutzt,Feintrauma-Differenzierung,Text + Lexikon,Empathie/Clinical nuance,Weniger Lexika-Pflege,Verlust differenzierter Trauma-Typisierung,Mittel,OPTIONAL REMOVE (Schema-B only) | RAW KEPT; use calibration/weight to down-rank,Keep Schema-A values in DB,A/B: crisis empathy,Medium,DISABLE_IN_EFFECTIVE_LAYER (KEEP RAW; WEIGHT=0),no
m153_sys_ent,Globale System-Entropie,Synthesis / Quality,Reporting/Quality layer; optional wenn kein Quality-Gate au?er m161,Aggregierte Qualit?tsmetriken,A/PCI/embeddings/markers,Quality dashboards / ranking,Reduziert compute,Verlust von Qualit?tsdiagnose,Mittel,OPTIONAL REMOVE (wenn nur m161 genutzt) | RAW KEPT; use calibration/weight to down-rank,Ensure no gate depends on these,A/B: quality ranking,Medium,DISABLE_IN_EFFECTIVE_LAYER (KEEP RAW; WEIGHT=0),no
m154_quality,Qualit?ts-Score,Synthesis / Quality,Reporting/Quality layer; optional wenn kein Quality-Gate au?er m161,Aggregierte Qualit?tsmetriken,A/PCI/embeddings/markers,Quality dashboards / ranking,Reduziert compute,Verlust von Qualit?tsdiagnose,Mittel,OPTIONAL REMOVE (wenn nur m161 genutzt) | RAW KEPT; use calibration/weight to down-rank,Ensure no gate depends on these,A/B: quality ranking,Medium,DISABLE_IN_EFFECTIVE_LAYER (KEEP RAW; WEIGHT=0),no
m155_completeness,Vollst?ndigkeit,Synthesis / Quality,Reporting/Quality layer; optional wenn kein Quality-Gate au?er m161,Aggregierte Qualit?tsmetriken,A/PCI/embeddings/markers,Quality dashboards / ranking,Reduziert compute,Verlust von Qualit?tsdiagnose,Mittel,OPTIONAL REMOVE (wenn nur m161 genutzt) | RAW KEPT; use calibration/weight to down-rank,Ensure no gate depends on these,A/B: quality ranking,Medium,DISABLE_IN_EFFECTIVE_LAYER (KEEP RAW; WEIGHT=0),no
m156_relevance,Relevanz,Synthesis / Quality,Reporting/Quality layer; optional wenn kein Quality-Gate au?er m161,Aggregierte Qualit?tsmetriken,A/PCI/embeddings/markers,Quality dashboards / ranking,Reduziert compute,Verlust von Qualit?tsdiagnose,Mittel,OPTIONAL REMOVE (wenn nur m161 genutzt) | RAW KEPT; use calibration/weight to down-rank,Ensure no gate depends on these,A/B: quality ranking,Medium,DISABLE_IN_EFFECTIVE_LAYER (KEEP RAW; WEIGHT=0),no
m157_coherence,Koh?renz,Synthesis / Quality,Reporting/Quality layer; optional wenn kein Quality-Gate au?er m161,Aggregierte Qualit?tsmetriken,A/PCI/embeddings/markers,Quality dashboards / ranking,Reduziert compute,Verlust von Qualit?tsdiagnose,Mittel,OPTIONAL REMOVE (wenn nur m161 genutzt) | RAW KEPT; use calibration/weight to down-rank,Ensure no gate depends on these,A/B: quality ranking,Medium,DISABLE_IN_EFFECTIVE_LAYER (KEEP RAW; WEIGHT=0),no
m158_depth,Elaborations-Tiefe,Synthesis / Quality,Reporting/Quality layer; optional wenn kein Quality-Gate au?er m161,Aggregierte Qualit?tsmetriken,A/PCI/embeddings/markers,Quality dashboards / ranking,Reduziert compute,Verlust von Qualit?tsdiagnose,Mittel,OPTIONAL REMOVE (wenn nur m161 genutzt) | RAW KEPT; use calibration/weight to down-rank,Ensure no gate depends on these,A/B: quality ranking,Medium,DISABLE_IN_EFFECTIVE_LAYER (KEEP RAW; WEIGHT=0),no
m159_novelty,Neuheit,Synthesis / Quality,Reporting/Quality layer; optional wenn kein Quality-Gate au?er m161,Aggregierte Qualit?tsmetriken,A/PCI/embeddings/markers,Quality dashboards / ranking,Reduziert compute,Verlust von Qualit?tsdiagnose,Mittel,OPTIONAL REMOVE (wenn nur m161 genutzt) | RAW KEPT; use calibration/weight to down-rank,Ensure no gate depends on these,A/B: quality ranking,Medium,DISABLE_IN_EFFECTIVE_LAYER (KEEP RAW; WEIGHT=0),no
m160_clarity,Klarheit,Synthesis / Quality,Reporting/Quality layer; optional wenn kein Quality-Gate au?er m161,Aggregierte Qualit?tsmetriken,A/PCI/embeddings/markers,Quality dashboards / ranking,Reduziert compute,Verlust von Qualit?tsdiagnose,Mittel,OPTIONAL REMOVE (wenn nur m161 genutzt) | RAW KEPT; use calibration/weight to down-rank,Ensure no gate depends on these,A/B: quality ranking,Medium,DISABLE_IN_EFFECTIVE_LAYER (KEEP RAW; WEIGHT=0),no
