metric_id,sources_count,status,hashes,params_union,missing_in_compendium_upstream,missing_in_compendium_formula,compendium_formula,compendium_upstream,compendium_downstream,meaning_if_diff,pros,cons,impact_summary,best_source,best_source_reason
m100_emotion_blend,4,identical,f2b6e8bd08dd,"anger,fear,joy,sadness","anger,fear,joy,sadness","anger,fear,joy,sadness",,,,No code-level differences detected across sources (by AST hash).,,,No downstream info,C:\Users\nicom\Desktop\Metriken\metrics_lib_complete\m100_emotion_blend.py,"Complete library: full coverage, generated/compiled implementation"
m101_t_panic,8,diff,633c6d4ff5cb;dc74fb22ec1e,text,,,"t_panic = clip( Σ(panic_lex_hit × weight) / (text_len + ε) × scale ) wobei: panic_lex_hit = 1 wenn Wort im Panik-Lexikon gefunden weight = Gewichtung aus Lexikon (1.0-3.0) text_len = Anzahl Wörter im Text ε = 1 (verhindert Division durch 0) scale = 10.0 (Skalierungsfaktor) clip = Begrenzung auf [0, 1]","text, panic_lexikon",**Guardian-Trigger:** t_panic > 0.7 → Guardian-Protokoll aktivieren; **Fear-Boost:** Verstärkt m80_sent_7 (Fear); **Response-Anpassung:** Hohe Werte → beruhigender Ton; **Eskalation:** Sehr hohe Werte → Hinweis auf professionelle Hilfe,Inconsistent implementations across sources; outputs may diverge and propagate to downstream metrics.,Safety-critical signal for risk/guardian decisions,High false-positive cost if thresholds/lexicon are wrong; Lexicon/marker dependency requires maintenance and context handling,Downstream impact if inconsistent: **Guardian-Trigger:** t_panic > 0.7 → Guardian-Protokoll aktivieren; **Fear-Boost:** Verstärkt m80_sent_7 (Fear); **Response-Anpassung:** Hohe Werte → beruhigender Ton; **Eskalation:** Sehr hohe Werte → Hinweis auf professionelle Hilfe,C:\Users\nicom\Desktop\Metriken\metrics_lib_complete\m101_t_panic.py,"Complete library: full coverage, generated/compiled implementation"
m102_t_disso,8,diff,6cf2eb183e22;fbfd1f12ebde,text,,,t_disso = clip( Σ(disso_lex_hit × weight) / (text_len + ε) × scale ) wobei: disso_lex_hit = 1 wenn Wort im Dissoziations-Lexikon weight = Gewichtung (1.0-2.5) scale = 8.0,"text, disso_lexikon","**Emotional Coherence:** Reduziert m91_sent_18; **Trust-Score:** Kann m81_sent_8 senken; **Fog-Berechnung:** Komponente von m105_t_fog; **Response-Style:** Hohe Werte → Wärmere, einladendere Sprache; ",Inconsistent implementations across sources; outputs may diverge and propagate to downstream metrics.,Safety-critical signal for risk/guardian decisions; Adds emotional nuance for response modulation,High false-positive cost if thresholds/lexicon are wrong; Lexicon/heuristic bias can misclassify context; Lexicon/marker dependency requires maintenance and context handling,"Downstream impact if inconsistent: **Emotional Coherence:** Reduziert m91_sent_18; **Trust-Score:** Kann m81_sent_8 senken; **Fog-Berechnung:** Komponente von m105_t_fog; **Response-Style:** Hohe Werte → Wärmere, einladendere Sprache; ",C:\Users\nicom\Desktop\Metriken\metrics_lib_complete\m102_t_disso.py,"Complete library: full coverage, generated/compiled implementation"
m103_t_integ,8,diff,00f7cc61a061;ad489031c6dd,text,,,t_integ = clip( Σ(integ_lex_hit × weight) / (text_len + ε) × scale ),"text, integ_lexikon",**Trust-Boost:** Verstärkt m81_sent_8 (Trust); **Acceptance-Boost:** Verstärkt m89_sent_16 (Acceptance); **Balance:** Wirkt t_panic und t_disso entgegen; ,Inconsistent implementations across sources; outputs may diverge and propagate to downstream metrics.,Adds emotional nuance for response modulation,Lexicon/heuristic bias can misclassify context; Lexicon/marker dependency requires maintenance and context handling,Downstream impact if inconsistent: **Trust-Boost:** Verstärkt m81_sent_8 (Trust); **Acceptance-Boost:** Verstärkt m89_sent_16 (Acceptance); **Balance:** Wirkt t_panic und t_disso entgegen; ,C:\Users\nicom\Desktop\Metriken\metrics_lib_complete\m103_t_integ.py,"Complete library: full coverage, generated/compiled implementation"
m104_t_shock,8,diff,7b5921bc8537;7e5c0402b825,text,text,text,t_shock = 1.0  wenn (shock_marker_found) ODER (t_panic > 0.8 AND t_integ < 0.2) t_shock = 0.0  sonst,,,Inconsistent implementations across sources; outputs may diverge and propagate to downstream metrics.,Signal contribution not explicitly stated; inferred from description,Limited explicit downsides; main risk is miscalibration,Downstream impact if inconsistent: nan,C:\Users\nicom\Desktop\Metriken\metrics_lib_complete\m104_t_shock.py,"Complete library: full coverage, generated/compiled implementation"
m105_t_guilt,8,diff,684e728582e6;f0c17ec3239c,text,text,text,,,,Inconsistent implementations across sources; outputs may diverge and propagate to downstream metrics.,,,No downstream info,C:\Users\nicom\Desktop\Metriken\metrics_lib_complete\m105_t_guilt.py,"Complete library: full coverage, generated/compiled implementation"
m106_t_shame,8,diff,40277342dd1f;f30b7a7785b1,text,text,text,,,,Inconsistent implementations across sources; outputs may diverge and propagate to downstream metrics.,,,No downstream info,C:\Users\nicom\Desktop\Metriken\metrics_lib_complete\m106_t_shame.py,"Complete library: full coverage, generated/compiled implementation"
m107_t_grief,8,diff,117d2d5bfdb6;fe4f12f8c85a,text,text,text,,,,Inconsistent implementations across sources; outputs may diverge and propagate to downstream metrics.,,,No downstream info,C:\Users\nicom\Desktop\Metriken\metrics_lib_complete\m107_t_grief.py,"Complete library: full coverage, generated/compiled implementation"
m108_t_anger,8,diff,6629131eb12f;ec209ba469db,text,text,text,,,,Inconsistent implementations across sources; outputs may diverge and propagate to downstream metrics.,,,No downstream info,C:\Users\nicom\Desktop\Metriken\metrics_lib_complete\m108_t_anger.py,"Complete library: full coverage, generated/compiled implementation"
m109_t_fear,8,diff,91adf2a85fa2;985ccc606d5f,text,text,text,,,,Inconsistent implementations across sources; outputs may diverge and propagate to downstream metrics.,,,No downstream info,C:\Users\nicom\Desktop\Metriken\metrics_lib_complete\m109_t_fear.py,"Complete library: full coverage, generated/compiled implementation"
m10_angstrom,8,diff,13e0fe7dd978;7dc5e81dac4b,"b_past,coh,s_self,x_exist","b_past,coh,s_self,x_exist",,"angstrom = 0.25 × (s_self + x_exist + b_past + coh) × 5.0 wobei: s_self = m7_s_self (Selbst-Referenz) x_exist = m8_x_exist (Existenz-Axiom) b_past = m9_b_past (Vergangenheits-Bezug) coh = m5_coh (Kohärenz) → Skaliert auf [0, 5] für bessere Interpretation",,**Tiefenindikator:** Steuert Antwort-Komplexität; **Mode-Switching:** Hohe Werte → philosophischer Modus; **Evolution:** Teil der Evolutions-Klassifikation,Inconsistent implementations across sources; outputs may diverge and propagate to downstream metrics.,Foundational metric used by many downstream computations; Condenses multiple signals into an interpretable composite; Adds emotional nuance for response modulation,Errors propagate widely across system; Can obscure individual signal sources and reduce diagnosability; Lexicon/heuristic bias can misclassify context,Downstream impact if inconsistent: **Tiefenindikator:** Steuert Antwort-Komplexität; **Mode-Switching:** Hohe Werte → philosophischer Modus; **Evolution:** Teil der Evolutions-Klassifikation,C:\Users\nicom\Desktop\Metriken\metrics_lib_complete\m10_angstrom.py,"Complete library: full coverage, generated/compiled implementation"
m110_black_hole,8,diff,07534a34b7da;4544699700b3,"LL,chaos,effective_A","LL,effective_A",effective_A,"# Schema A (Turbidity): turb_2 = t_disso × chaos × z_prox # Schema B (Black Hole - V3.3.3 CONTEXT-AWARE): base = 0.4 × chaos + 0.3 × (1 - A) + 0.3 × LL # Context-Aware Veto (Lexikon = Ankläger, LLM = Richter): IF panic_hits >= 2: is_real_emergency = semantic_guardian.check_urgency(text) IF is_real_emergency: black_hole = max(base, 0.85)  # Bestätigter Notfall ELSE: black_hole = base + 0.1       # Nur leichter Malus für neg. Wortwahl ELSE: black_hole = base","t_disso, chaos, z_prox","**Guardian-Trigger:** black_hole > 0.7 → Sofortiger Guardian-Alarm; **Response-Anpassung:** Extrem klare, strukturierte, beruhigende Sprache; **z_prox Verstärker:** Beeinflusst Todesnähe-Berechnung; **Context-Aware Veto:** Lexikon-Treffer werden semantisch validiert vor Eskalation; ",Inconsistent implementations across sources; outputs may diverge and propagate to downstream metrics.,Safety-critical signal for risk/guardian decisions,High false-positive cost if thresholds/lexicon are wrong,"Downstream impact if inconsistent: **Guardian-Trigger:** black_hole > 0.7 → Sofortiger Guardian-Alarm; **Response-Anpassung:** Extrem klare, strukturierte, beruhigende Sprache; **z_prox Verstärker:** Beeinflusst Todesnähe-Berechnung; **Context-Aware Veto:** Lexikon-Treffer werden semantisch validiert vor Eskalation; ",C:\Users\nicom\Desktop\Metriken\metrics_lib_complete\m110_black_hole.py,"Complete library: full coverage, generated/compiled implementation"
m111_turbidity_total,8,diff,550bf81e91f3;ee2ebf69a4a8,"t_disso,t_integ,t_panic,t_shock","t_disso,t_integ,t_panic,t_shock","t_disso,t_integ,t_panic,t_shock",,,,Inconsistent implementations across sources; outputs may diverge and propagate to downstream metrics.,,,No downstream info,C:\Users\nicom\Desktop\Metriken\metrics_lib_complete\m111_turbidity_total.py,"Complete library: full coverage, generated/compiled implementation"
m112_trauma_load,8,diff,1b05176c192d;b6b21abf87e8,"t_disso,t_integ,t_panic","t_disso,t_integ,t_panic","t_disso,t_integ,t_panic",,,,Inconsistent implementations across sources; outputs may diverge and propagate to downstream metrics.,,,No downstream info,C:\Users\nicom\Desktop\Metriken\metrics_lib_complete\m112_trauma_load.py,"Complete library: full coverage, generated/compiled implementation"
m113_t_resilience,4,identical,2b86f6f8bee4,"t_integ,t_panic","t_integ,t_panic","t_integ,t_panic",,,,No code-level differences detected across sources (by AST hash).,,,No downstream info,C:\Users\nicom\Desktop\Metriken\metrics_lib_complete\m113_t_resilience.py,"Complete library: full coverage, generated/compiled implementation"
m114_t_recovery,8,diff,ab58beb91b1a;faf195d0bf74,"t_integ_current,t_integ_prev","t_integ_current,t_integ_prev","t_integ_current,t_integ_prev",,,,Inconsistent implementations across sources; outputs may diverge and propagate to downstream metrics.,,,No downstream info,C:\Users\nicom\Desktop\Metriken\metrics_lib_complete\m114_t_recovery.py,"Complete library: full coverage, generated/compiled implementation"
m115_t_threshold,8,diff,5d38f67ef8e3;c8bb69f4ce1c,,,,,,,Inconsistent implementations across sources; outputs may diverge and propagate to downstream metrics.,,,No downstream info,C:\Users\nicom\Desktop\Metriken\metrics_lib_complete\m115_t_threshold.py,"Complete library: full coverage, generated/compiled implementation"
m116_lix,5,diff,35fe19b387a2;9e387069ecd6,text,,text,LIX = (Wörter / Sätze) + (Lange_Wörter × 100 / Wörter) wobei Lange_Wörter = Wörter mit > 6 Buchstaben,text,,Inconsistent implementations across sources; outputs may diverge and propagate to downstream metrics.,Improves self-reflection/diagnostic capability,Heuristic markers can be noisy or culture-dependent; Lexicon/marker dependency requires maintenance and context handling,Downstream impact if inconsistent: nan,C:\Users\nicom\Desktop\Metriken\metrics_lib_complete\m116_lix.py,"Complete library: full coverage, generated/compiled implementation"
m117_question_density,2,identical,bb558947a1fe,text,,text,question_density = Fragen / Gesamtsätze,text,,No code-level differences detected across sources (by AST hash).,Improves self-reflection/diagnostic capability,Heuristic markers can be noisy or culture-dependent; Lexicon/marker dependency requires maintenance and context handling,Downstream impact if inconsistent: nan,C:\Evoki V3.0 APK-Lokalhost-Google Cloude\backend\core\evoki_metrics_v3\metrics_lib_legacy\m117_question_density.py,Legacy library: kept for backward compatibility
m117_vocabulary_richness,4,identical,c1fa56ed9e3a,tokens,tokens,tokens,,,,No code-level differences detected across sources (by AST hash).,,,No downstream info,C:\Users\nicom\Desktop\Metriken\metrics_lib_complete\m117_vocabulary_richness.py,"Complete library: full coverage, generated/compiled implementation"
m118_coherence_local,4,identical,1b645eb73b4b,sentences,sentences,sentences,,,,No code-level differences detected across sources (by AST hash).,,,No downstream info,C:\Users\nicom\Desktop\Metriken\metrics_lib_complete\m118_coherence_local.py,"Complete library: full coverage, generated/compiled implementation"
m118_exclamation_density,2,identical,cc8f98800e61,text,text,text,,,,No code-level differences detected across sources (by AST hash).,,,No downstream info,C:\Evoki V3.0 APK-Lokalhost-Google Cloude\backend\core\evoki_metrics_v3\metrics_lib_legacy\m118_exclamation_density.py,Legacy library: kept for backward compatibility
m119_complexity_variance,5,diff,2f035cef20f2;b94597da3988,pci_history,pci_history,pci_history,,,,Inconsistent implementations across sources; outputs may diverge and propagate to downstream metrics.,,,No downstream info,C:\Users\nicom\Desktop\Metriken\metrics_lib_complete\m119_complexity_variance.py,"Complete library: full coverage, generated/compiled implementation"
m11_gap_s,8,diff,9d0a7d922e46;b322932c9280,"timestamp_now,timestamp_prev","timestamp_now,timestamp_prev","timestamp_now,timestamp_prev",gap_s = now() - last_timestamp wobei: now() = aktuelle Systemzeit (UTC) last_timestamp = ISO-Timestamp der letzten Message Fallback: 300.0 bei Parse-Fehlern oder leerer History,,**Flow-Berechnung:** gap_s < 30 → hoher Flow-Bonus; **Kontext-Gewichtung:** gap_s > 3600 → Kontext abschwächen; **Session-Erkennung:** gap_s > 86400 → neue Session; ,Inconsistent implementations across sources; outputs may diverge and propagate to downstream metrics.,Foundational metric used by many downstream computations,Errors propagate widely across system,Downstream impact if inconsistent: **Flow-Berechnung:** gap_s < 30 → hoher Flow-Bonus; **Kontext-Gewichtung:** gap_s > 3600 → Kontext abschwächen; **Session-Erkennung:** gap_s > 86400 → neue Session; ,C:\Users\nicom\Desktop\Metriken\metrics_lib_complete\m11_gap_s.py,"Complete library: full coverage, generated/compiled implementation"
m120_topic_drift,5,diff,74e1863385f9;ad1ecc07d310,similarity_to_first,similarity_to_first,similarity_to_first,,,,Inconsistent implementations across sources; outputs may diverge and propagate to downstream metrics.,,,No downstream info,C:\Users\nicom\Desktop\Metriken\metrics_lib_complete\m120_topic_drift.py,"Complete library: full coverage, generated/compiled implementation"
m121_self_reference_count,5,diff,1c646ad7214c;5e268a2aa241,text,text,text,,,,Inconsistent implementations across sources; outputs may diverge and propagate to downstream metrics.,,,No downstream info,C:\Users\nicom\Desktop\Metriken\metrics_lib_complete\m121_self_reference_count.py,"Complete library: full coverage, generated/compiled implementation"
m122_dyn_1,5,diff,53816ad205a5;c8b287e12404,"nabla_a,nabla_pci","nabla_a,nabla_pci","nabla_a,nabla_pci",,"delta_A, delta_tokens",,Inconsistent implementations across sources; outputs may diverge and propagate to downstream metrics.,Improves self-reflection/diagnostic capability,Heuristic markers can be noisy or culture-dependent,Downstream impact if inconsistent: nan,C:\Users\nicom\Desktop\Metriken\metrics_lib_complete\m122_dyn_1.py,"Complete library: full coverage, generated/compiled implementation"
m123_dyn_2,5,diff,bd036b6245f7;e8cedaed7612,"A,A_prev","A,A_prev","A,A_prev",,"prev_delta, curr_delta",,Inconsistent implementations across sources; outputs may diverge and propagate to downstream metrics.,Improves self-reflection/diagnostic capability,Heuristic markers can be noisy or culture-dependent,Downstream impact if inconsistent: nan,C:\Users\nicom\Desktop\Metriken\metrics_lib_complete\m123_dyn_2.py,"Complete library: full coverage, generated/compiled implementation"
m124_dyn_3,5,diff,1560abc6dd26;9dc1d2d47919,"flow,flow_prev","flow,flow_prev","flow,flow_prev",,value_history,,Inconsistent implementations across sources; outputs may diverge and propagate to downstream metrics.,Improves self-reflection/diagnostic capability,Heuristic markers can be noisy or culture-dependent,Downstream impact if inconsistent: nan,C:\Users\nicom\Desktop\Metriken\metrics_lib_complete\m124_dyn_3.py,"Complete library: full coverage, generated/compiled implementation"
m125_dyn_4,5,diff,61c5b26d3157;6d1d2c45972c,"coh,coh_prev","coh,coh_prev","coh,coh_prev",,"oscillation, time_decay",,Inconsistent implementations across sources; outputs may diverge and propagate to downstream metrics.,Improves self-reflection/diagnostic capability,Heuristic markers can be noisy or culture-dependent,Downstream impact if inconsistent: nan,C:\Users\nicom\Desktop\Metriken\metrics_lib_complete\m125_dyn_4.py,"Complete library: full coverage, generated/compiled implementation"
m126_dyn_5,5,diff,a4b2e025cdbb;cb14d5e276ea,"t_panic,t_panic_prev","t_panic,t_panic_prev","t_panic,t_panic_prev",,"ev_resonance, trust_score",,Inconsistent implementations across sources; outputs may diverge and propagate to downstream metrics.,Improves self-reflection/diagnostic capability,Heuristic markers can be noisy or culture-dependent,Downstream impact if inconsistent: nan,C:\Users\nicom\Desktop\Metriken\metrics_lib_complete\m126_dyn_5.py,"Complete library: full coverage, generated/compiled implementation"
m127_avg_response_len,5,diff,111f5a533c0d;ec663b50209d,lengths,lengths,lengths,,,,Inconsistent implementations across sources; outputs may diverge and propagate to downstream metrics.,,,No downstream info,C:\Users\nicom\Desktop\Metriken\metrics_lib_complete\m127_avg_response_len.py,"Complete library: full coverage, generated/compiled implementation"
m128_token_ratio,5,diff,81e2db6cc184;d6ed6aecae7e,"ai_tokens,user_tokens","ai_tokens,user_tokens","ai_tokens,user_tokens",,,,Inconsistent implementations across sources; outputs may diverge and propagate to downstream metrics.,,,No downstream info,C:\Users\nicom\Desktop\Metriken\metrics_lib_complete\m128_token_ratio.py,"Complete library: full coverage, generated/compiled implementation"
m129_engagement_score,5,diff,46ef57c590af;9dfc1eb39898,"questions,turns","questions,turns","questions,turns",,,,Inconsistent implementations across sources; outputs may diverge and propagate to downstream metrics.,,,No downstream info,C:\Users\nicom\Desktop\Metriken\metrics_lib_complete\m129_engagement_score.py,"Complete library: full coverage, generated/compiled implementation"
m12_gap_norm,8,diff,3bc856bc0a94;92e713f9f78d,gap_s,gap_s,gap_s,,,,Inconsistent implementations across sources; outputs may diverge and propagate to downstream metrics.,,,No downstream info,C:\Users\nicom\Desktop\Metriken\metrics_lib_complete\m12_gap_norm.py,"Complete library: full coverage, generated/compiled implementation"
m130_session_depth,5,diff,71d73866ac12;830535425ef1,turn_count,turn_count,turn_count,,,,Inconsistent implementations across sources; outputs may diverge and propagate to downstream metrics.,,,No downstream info,C:\Users\nicom\Desktop\Metriken\metrics_lib_complete\m130_session_depth.py,"Complete library: full coverage, generated/compiled implementation"
m131_meta_awareness,5,diff,3d859d6102cb;e38b40b68798,"A,PCI","A,PCI","A,PCI",,,,Inconsistent implementations across sources; outputs may diverge and propagate to downstream metrics.,,,No downstream info,C:\Users\nicom\Desktop\Metriken\metrics_lib_complete\m131_meta_awareness.py,"Complete library: full coverage, generated/compiled implementation"
m132_meta_regulation,5,diff,4dfaf06b6f88;d67a4a996249,"commit,z_prox","commit,z_prox","commit,z_prox",,,,Inconsistent implementations across sources; outputs may diverge and propagate to downstream metrics.,,,No downstream info,C:\Users\nicom\Desktop\Metriken\metrics_lib_complete\m132_meta_regulation.py,"Complete library: full coverage, generated/compiled implementation"
m133_meta_flexibility,5,diff,61760ea53a09;ec74798021bd,"topic_changes,turns","topic_changes,turns","topic_changes,turns",,,,Inconsistent implementations across sources; outputs may diverge and propagate to downstream metrics.,,,No downstream info,C:\Users\nicom\Desktop\Metriken\metrics_lib_complete\m133_meta_flexibility.py,"Complete library: full coverage, generated/compiled implementation"
m134_meta_monitoring,5,diff,0aca332e3c9c;5b84f9fc8a30,"checks,error_count","checks,error_count","checks,error_count",,,,Inconsistent implementations across sources; outputs may diverge and propagate to downstream metrics.,,,No downstream info,C:\Users\nicom\Desktop\Metriken\metrics_lib_complete\m134_meta_monitoring.py,"Complete library: full coverage, generated/compiled implementation"
m135_meta_planning,5,diff,2d9e5a69c75e;fc8006d5d2ab,goal_progress,goal_progress,goal_progress,,,,Inconsistent implementations across sources; outputs may diverge and propagate to downstream metrics.,,,No downstream info,C:\Users\nicom\Desktop\Metriken\metrics_lib_complete\m135_meta_planning.py,"Complete library: full coverage, generated/compiled implementation"
m136_meta_evaluation,5,diff,1a0089d272b2;dea640edc647,task_success,task_success,task_success,,,,Inconsistent implementations across sources; outputs may diverge and propagate to downstream metrics.,,,No downstream info,C:\Users\nicom\Desktop\Metriken\metrics_lib_complete\m136_meta_evaluation.py,"Complete library: full coverage, generated/compiled implementation"
m137_meta_strategy,5,diff,3de6d86bb1aa;96fe06adbe1b,"strategy_switches,turns","strategy_switches,turns","strategy_switches,turns",,,,Inconsistent implementations across sources; outputs may diverge and propagate to downstream metrics.,,,No downstream info,C:\Users\nicom\Desktop\Metriken\metrics_lib_complete\m137_meta_strategy.py,"Complete library: full coverage, generated/compiled implementation"
m138_attention_focus,5,diff,a77d01b0492c;c0c063668c6a,main_topic_coverage,main_topic_coverage,main_topic_coverage,,,,Inconsistent implementations across sources; outputs may diverge and propagate to downstream metrics.,,,No downstream info,C:\Users\nicom\Desktop\Metriken\metrics_lib_complete\m138_attention_focus.py,"Complete library: full coverage, generated/compiled implementation"
m139_working_memory,5,diff,1da30539763c;caa0d56e792d,"context_items,max_items","context_items,max_items","context_items,max_items",,,,Inconsistent implementations across sources; outputs may diverge and propagate to downstream metrics.,,,No downstream info,C:\Users\nicom\Desktop\Metriken\metrics_lib_complete\m139_working_memory.py,"Complete library: full coverage, generated/compiled implementation"
m13_rep_same,8,diff,705aa55a03bc;e91d62a7bab9,"prev_text,text","prev_text,text","prev_text,text",,,,Inconsistent implementations across sources; outputs may diverge and propagate to downstream metrics.,,,No downstream info,C:\Users\nicom\Desktop\Metriken\metrics_lib_complete\m13_rep_same.py,"Complete library: full coverage, generated/compiled implementation"
m140_long_term_access,5,diff,6b3b168a3049;c4d9829a5bb3,retrieval_success,retrieval_success,retrieval_success,,,,Inconsistent implementations across sources; outputs may diverge and propagate to downstream metrics.,,,No downstream info,C:\Users\nicom\Desktop\Metriken\metrics_lib_complete\m140_long_term_access.py,"Complete library: full coverage, generated/compiled implementation"
m141_inference_quality,5,diff,21ec95997877;2775ba917281,logical_consistency,logical_consistency,logical_consistency,,,,Inconsistent implementations across sources; outputs may diverge and propagate to downstream metrics.,,,No downstream info,C:\Users\nicom\Desktop\Metriken\metrics_lib_complete\m141_inference_quality.py,"Complete library: full coverage, generated/compiled implementation"
m142_rag_alignment,2,identical,4b0110f9fa7c,rag_score,rag_score,rag_score,,,,No code-level differences detected across sources (by AST hash).,,,No downstream info,C:\Evoki V3.0 APK-Lokalhost-Google Cloude\backend\core\evoki_metrics_v3\metrics_lib_legacy\m142_rag_alignment.py,Legacy library: kept for backward compatibility
m142_reasoning_depth,4,identical,b7f39e43ef62,"PCI,complexity","PCI,complexity","PCI,complexity",,,,No code-level differences detected across sources (by AST hash).,,,No downstream info,C:\Users\nicom\Desktop\Metriken\metrics_lib_complete\m142_reasoning_depth.py,"Complete library: full coverage, generated/compiled implementation"
m143_context_window_usage,4,identical,6e467a110986,"current_tokens,max_tokens","current_tokens,max_tokens","current_tokens,max_tokens",,,,No code-level differences detected across sources (by AST hash).,,,No downstream info,C:\Users\nicom\Desktop\Metriken\metrics_lib_complete\m143_context_window_usage.py,"Complete library: full coverage, generated/compiled implementation"
m144_attention_span,4,identical,6c10fe015de7,"focus_duration,max_duration","focus_duration,max_duration","focus_duration,max_duration",,,,No code-level differences detected across sources (by AST hash).,,,No downstream info,C:\Users\nicom\Desktop\Metriken\metrics_lib_complete\m144_attention_span.py,"Complete library: full coverage, generated/compiled implementation"
m144_sys_stability,2,identical,1080361680b2,"error_rate,latency_norm","error_rate,latency_norm","error_rate,latency_norm",,,,No code-level differences detected across sources (by AST hash).,,,No downstream info,C:\Evoki V3.0 APK-Lokalhost-Google Cloude\backend\core\evoki_metrics_v3\metrics_lib_legacy\m144_sys_stability.py,Legacy library: kept for backward compatibility
m145_learning_rate_meta,2,identical,bf8eff9ae166,performance_delta,performance_delta,performance_delta,,,,No code-level differences detected across sources (by AST hash).,,,No downstream info,C:\Evoki V3.0 APK-Lokalhost-Google Cloude\backend\core\evoki_metrics_v3\metrics_lib_legacy\m145_learning_rate_meta.py,Legacy library: kept for backward compatibility
m145_task_switching,4,identical,6a3aaa38eba8,"switches,total_tasks","switches,total_tasks","switches,total_tasks",,,,No code-level differences detected across sources (by AST hash).,,,No downstream info,C:\Users\nicom\Desktop\Metriken\metrics_lib_complete\m145_task_switching.py,"Complete library: full coverage, generated/compiled implementation"
m146_curiosity_index,2,identical,d88035d4f654,"questions_asked,turns","questions_asked,turns","questions_asked,turns",,,,No code-level differences detected across sources (by AST hash).,,,No downstream info,C:\Evoki V3.0 APK-Lokalhost-Google Cloude\backend\core\evoki_metrics_v3\metrics_lib_legacy\m146_curiosity_index.py,Legacy library: kept for backward compatibility
m146_error_correction,4,identical,5838df1eadd9,"corrections,total_outputs","corrections,total_outputs","corrections,total_outputs",,,,No code-level differences detected across sources (by AST hash).,,,No downstream info,C:\Users\nicom\Desktop\Metriken\metrics_lib_complete\m146_error_correction.py,"Complete library: full coverage, generated/compiled implementation"
m147_confidence,2,identical,b3baef56eafe,variance,variance,variance,,,,No code-level differences detected across sources (by AST hash).,,,No downstream info,C:\Evoki V3.0 APK-Lokalhost-Google Cloude\backend\core\evoki_metrics_v3\metrics_lib_legacy\m147_confidence.py,Legacy library: kept for backward compatibility
m147_learning_progress,4,identical,7ae894c2dd29,"current_perf,initial_perf","current_perf,initial_perf","current_perf,initial_perf",,,,No code-level differences detected across sources (by AST hash).,,,No downstream info,C:\Users\nicom\Desktop\Metriken\metrics_lib_complete\m147_learning_progress.py,"Complete library: full coverage, generated/compiled implementation"
m148_coherence_meta,2,identical,cd716854578e,internal_consistency,internal_consistency,internal_consistency,,,,No code-level differences detected across sources (by AST hash).,,,No downstream info,C:\Evoki V3.0 APK-Lokalhost-Google Cloude\backend\core\evoki_metrics_v3\metrics_lib_legacy\m148_coherence_meta.py,Legacy library: kept for backward compatibility
m148_knowledge_integration,4,identical,3226c1f85e1b,"new_facts,total_facts","new_facts,total_facts","new_facts,total_facts",,,,No code-level differences detected across sources (by AST hash).,,,No downstream info,C:\Users\nicom\Desktop\Metriken\metrics_lib_complete\m148_knowledge_integration.py,"Complete library: full coverage, generated/compiled implementation"
m149_adaptation_rate,2,identical,c4f97464e545,"adjustments,opportunities","adjustments,opportunities","adjustments,opportunities",,,,No code-level differences detected across sources (by AST hash).,,,No downstream info,C:\Evoki V3.0 APK-Lokalhost-Google Cloude\backend\core\evoki_metrics_v3\metrics_lib_legacy\m149_adaptation_rate.py,Legacy library: kept for backward compatibility
m149_semantic_drift,4,identical,933ccbb614ed,"current_vec,initial_vec","current_vec,initial_vec","current_vec,initial_vec",,,,No code-level differences detected across sources (by AST hash).,,,No downstream info,C:\Users\nicom\Desktop\Metriken\metrics_lib_complete\m149_semantic_drift.py,"Complete library: full coverage, generated/compiled implementation"
m14_rep_history,8,diff,1a306c21d4a2;c976f8a514dc,"history,text","history,text","history,text",,,,Inconsistent implementations across sources; outputs may diverge and propagate to downstream metrics.,,,No downstream info,C:\Users\nicom\Desktop\Metriken\metrics_lib_complete\m14_rep_history.py,"Complete library: full coverage, generated/compiled implementation"
m150_goal_coherence,4,identical,a8238f5225d1,"goals_aligned,total_goals","goals_aligned,total_goals","goals_aligned,total_goals",,,,No code-level differences detected across sources (by AST hash).,,,No downstream info,C:\Users\nicom\Desktop\Metriken\metrics_lib_complete\m150_goal_coherence.py,"Complete library: full coverage, generated/compiled implementation"
m150_integration_score,2,identical,e7f170d369bf,"modules_active,total_modules","modules_active,total_modules","modules_active,total_modules",,,,No code-level differences detected across sources (by AST hash).,,,No downstream info,C:\Evoki V3.0 APK-Lokalhost-Google Cloude\backend\core\evoki_metrics_v3\metrics_lib_legacy\m150_integration_score.py,Legacy library: kept for backward compatibility
m151_omega,4,identical,3a6e0a4c1d37,"A,PCI,trauma_load,z_prox","A,PCI,trauma_load,z_prox","PCI,trauma_load,z_prox","# V3.0.2 FIX: Subtraktive Logik behebt Paradoxon bei negativem Phi # ALT (fehlerhaft): Omega = Phi × (1 - conflict) # Problem: Bei Phi=-0.8, conflict=0.9 ist -0.08 > -0.8 (Regelbruch wird belohnt!) Omega = Phi - (rule_conflict × 1.5) Omega = clip(Omega, -1.0, 1.0)","phi, rule_conflict",**Executive Decision:** Finale Entscheidungsgrundlage; **Guardian-Trigger:** omega < 0 → Sofortiger Guardian; **Quality Gate:** omega > 0.5 → Response OK; ,No code-level differences detected across sources (by AST hash).,Signal contribution not explicitly stated; inferred from description,Limited explicit downsides; main risk is miscalibration,Downstream impact if inconsistent: **Executive Decision:** Finale Entscheidungsgrundlage; **Guardian-Trigger:** omega < 0 → Sofortiger Guardian; **Quality Gate:** omega > 0.5 → Response OK; ,C:\Users\nicom\Desktop\Metriken\metrics_lib_complete\m151_omega.py,"Complete library: full coverage, generated/compiled implementation"
m152_a51_compliance,5,diff,8f87878d1da3;e4216aa82d7b,"rules_checked,rules_passed","rules_checked,rules_passed","rules_checked,rules_passed",,,,Inconsistent implementations across sources; outputs may diverge and propagate to downstream metrics.,,,No downstream info,C:\Users\nicom\Desktop\Metriken\metrics_lib_complete\m152_a51_compliance.py,"Complete library: full coverage, generated/compiled implementation"
m153_sys_health,4,identical,def388d6b8d6,"error_rate,latency,mem_pressure","error_rate,latency,mem_pressure","error_rate,latency,mem_pressure",,,,No code-level differences detected across sources (by AST hash).,,,No downstream info,C:\Users\nicom\Desktop\Metriken\metrics_lib_complete\m153_sys_health.py,"Complete library: full coverage, generated/compiled implementation"
m154_sys_latency,5,diff,766aaa609b71;bb98de3fcbb1,"response_time_ms,target_ms","response_time_ms,target_ms","response_time_ms,target_ms",,,,Inconsistent implementations across sources; outputs may diverge and propagate to downstream metrics.,,,No downstream info,C:\Users\nicom\Desktop\Metriken\metrics_lib_complete\m154_sys_latency.py,"Complete library: full coverage, generated/compiled implementation"
m155_error_rate,5,diff,ae397ddb4891;feab4554ed7e,"errors,total_requests","errors,total_requests","errors,total_requests",,,,Inconsistent implementations across sources; outputs may diverge and propagate to downstream metrics.,,,No downstream info,C:\Users\nicom\Desktop\Metriken\metrics_lib_complete\m155_error_rate.py,"Complete library: full coverage, generated/compiled implementation"
m156_cache_hit_rate,5,diff,4ba999ddc9c9;7e392838522c,"hits,total","hits,total","hits,total",,,,Inconsistent implementations across sources; outputs may diverge and propagate to downstream metrics.,,,No downstream info,C:\Users\nicom\Desktop\Metriken\metrics_lib_complete\m156_cache_hit_rate.py,"Complete library: full coverage, generated/compiled implementation"
m157_token_throughput,5,diff,20ea32e683ff;7033e96a26d7,"seconds,tokens","seconds,tokens","seconds,tokens",,,,Inconsistent implementations across sources; outputs may diverge and propagate to downstream metrics.,,,No downstream info,C:\Users\nicom\Desktop\Metriken\metrics_lib_complete\m157_token_throughput.py,"Complete library: full coverage, generated/compiled implementation"
m158_context_utilization,5,diff,307e3c7d8a68;516cbf56ed64,"max_tokens,used_tokens","max_tokens,used_tokens","max_tokens,used_tokens",,,,Inconsistent implementations across sources; outputs may diverge and propagate to downstream metrics.,,,No downstream info,C:\Users\nicom\Desktop\Metriken\metrics_lib_complete\m158_context_utilization.py,"Complete library: full coverage, generated/compiled implementation"
m159_guardian_interventions,5,diff,06e0c0847c9c;b029c60e29e2,"interventions,turns","interventions,turns","interventions,turns",,,,Inconsistent implementations across sources; outputs may diverge and propagate to downstream metrics.,,,No downstream info,C:\Users\nicom\Desktop\Metriken\metrics_lib_complete\m159_guardian_interventions.py,"Complete library: full coverage, generated/compiled implementation"
m15_affekt_a_legacy,8,diff,480b6a3a3bcf;6f17c8cd3696,"coh,flow,ll,zlf","coh,flow,ll,zlf","coh,flow,ll,zlf",,,,Inconsistent implementations across sources; outputs may diverge and propagate to downstream metrics.,,,No downstream info,C:\Users\nicom\Desktop\Metriken\metrics_lib_complete\m15_affekt_a_legacy.py,"Complete library: full coverage, generated/compiled implementation"
m160_uptime,5,diff,431fd7a49365;ece35b239af4,"total_seconds,uptime_seconds","total_seconds,uptime_seconds","total_seconds,uptime_seconds",,,,Inconsistent implementations across sources; outputs may diverge and propagate to downstream metrics.,,,No downstream info,C:\Users\nicom\Desktop\Metriken\metrics_lib_complete\m160_uptime.py,"Complete library: full coverage, generated/compiled implementation"
m161_commit,5,diff,7cf4bfcad7ce;e9c9d8c1cec8,"trauma_load,z_prox","trauma_load,z_prox","trauma_load,z_prox",,,,Inconsistent implementations across sources; outputs may diverge and propagate to downstream metrics.,,,No downstream info,C:\Users\nicom\Desktop\Metriken\metrics_lib_complete\m161_commit.py,"Complete library: full coverage, generated/compiled implementation"
m162_ctx_time,4,diff,38a2bbca3b56;b242c74a4992,"current_minutes,session_start_minutes","current_minutes,session_start_minutes","current_minutes,session_start_minutes",,"session_start, current_time",,Inconsistent implementations across sources; outputs may diverge and propagate to downstream metrics.,Enables context-aware adaptation (time/platform/modality),Depends on external context signals or telemetry availability,Downstream impact if inconsistent: nan,C:\Users\nicom\Desktop\Metriken\metrics_lib_complete\m162_ctx_time.py,"Complete library: full coverage, generated/compiled implementation"
m162_ev_tension,2,identical,8101bb1364f3,"e_i_proxy,x_fm_prox,z_prox","e_i_proxy,x_fm_prox,z_prox","e_i_proxy,x_fm_prox,z_prox",,,,No code-level differences detected across sources (by AST hash).,,,No downstream info,C:\Evoki V3.0 APK-Lokalhost-Google Cloude\backend\core\evoki_metrics_v3\metrics_lib_legacy\m162_ev_tension.py,Legacy library: kept for backward compatibility
m163_ctx_loc,4,identical,87e65feed960,location_data,,location_data,,location_data,,No code-level differences detected across sources (by AST hash).,Enables context-aware adaptation (time/platform/modality),Depends on external context signals or telemetry availability,Downstream impact if inconsistent: nan,C:\Users\nicom\Desktop\Metriken\metrics_lib_complete\m163_ctx_loc.py,"Complete library: full coverage, generated/compiled implementation"
m163_x_fm_prox,2,identical,2bd668a0b7e8,"A_variance,nabla_A","A_variance,nabla_A","A_variance,nabla_A",,,,No code-level differences detected across sources (by AST hash).,,,No downstream info,C:\Evoki V3.0 APK-Lokalhost-Google Cloude\backend\core\evoki_metrics_v3\metrics_lib_legacy\m163_x_fm_prox.py,Legacy library: kept for backward compatibility
m164_e_i_proxy,2,identical,9be144c574f2,"PCI,nabla_A","PCI,nabla_A","PCI,nabla_A",,,,No code-level differences detected across sources (by AST hash).,,,No downstream info,C:\Evoki V3.0 APK-Lokalhost-Google Cloude\backend\core\evoki_metrics_v3\metrics_lib_legacy\m164_e_i_proxy.py,Legacy library: kept for backward compatibility
m164_user_state,4,identical,85125543bc77,recent_affects,,recent_affects,,recent_affects,,No code-level differences detected across sources (by AST hash).,Adds emotional nuance for response modulation; Enables context-aware adaptation (time/platform/modality),Lexicon/heuristic bias can misclassify context; Depends on external context signals or telemetry availability,Downstream impact if inconsistent: nan,C:\Users\nicom\Desktop\Metriken\metrics_lib_complete\m164_user_state.py,"Complete library: full coverage, generated/compiled implementation"
m165_dist_z,2,identical,d1bbea62c1c4,"A,LL,ctx_break","A,LL,ctx_break","A,LL,ctx_break",,,,No code-level differences detected across sources (by AST hash).,,,No downstream info,C:\Evoki V3.0 APK-Lokalhost-Google Cloude\backend\core\evoki_metrics_v3\metrics_lib_legacy\m165_dist_z.py,Legacy library: kept for backward compatibility
m165_platform,4,identical,bdf007b6034c,,,,,,,No code-level differences detected across sources (by AST hash).,Enables context-aware adaptation (time/platform/modality),Depends on external context signals or telemetry availability,Downstream impact if inconsistent: nan,C:\Users\nicom\Desktop\Metriken\metrics_lib_complete\m165_platform.py,"Complete library: full coverage, generated/compiled implementation"
m166_hazard,2,identical,766aac959086,"t_fog,t_panic,z_prox","t_fog,t_panic,z_prox","t_fog,t_panic,z_prox",,,,No code-level differences detected across sources (by AST hash).,,,No downstream info,C:\Evoki V3.0 APK-Lokalhost-Google Cloude\backend\core\evoki_metrics_v3\metrics_lib_legacy\m166_hazard.py,Legacy library: kept for backward compatibility
m166_modality,4,identical,b50c33eb97bc,input_data,,input_data,,input_data,,No code-level differences detected across sources (by AST hash).,Enables context-aware adaptation (time/platform/modality),Depends on external context signals or telemetry availability; Embedding dependence adds latency and model coupling,Downstream impact if inconsistent: nan,C:\Users\nicom\Desktop\Metriken\metrics_lib_complete\m166_modality.py,"Complete library: full coverage, generated/compiled implementation"
m167_guardian_trip,2,identical,20bb2ef57b4f,"dist_z,hazard","dist_z,hazard","dist_z,hazard",,,,No code-level differences detected across sources (by AST hash).,,,No downstream info,C:\Evoki V3.0 APK-Lokalhost-Google Cloude\backend\core\evoki_metrics_v3\metrics_lib_legacy\m167_guardian_trip.py,Legacy library: kept for backward compatibility
m167_noise,4,identical,f2f381eb20c3,text,,text,,text,,No code-level differences detected across sources (by AST hash).,Enables context-aware adaptation (time/platform/modality),Depends on external context signals or telemetry availability; Lexicon/marker dependency requires maintenance and context handling,Downstream impact if inconsistent: nan,C:\Users\nicom\Desktop\Metriken\metrics_lib_complete\m167_noise.py,"Complete library: full coverage, generated/compiled implementation"
m168_cum_stress,4,identical,9a03fc5c237a,z_prox_history,z_prox_history,z_prox_history,cum_stress = ∫(z_prox × dt) over last 30 minutes Vereinfacht (diskret): cum_stress = Σ(z_prox_i × delta_t_i) for i in last_30_min,self,,No code-level differences detected across sources (by AST hash).,Safety-critical signal for risk/guardian decisions,High false-positive cost if thresholds/lexicon are wrong,Downstream impact if inconsistent: nan,C:\Users\nicom\Desktop\Metriken\metrics_lib_complete\m168_cum_stress.py,"Complete library: full coverage, generated/compiled implementation"
m168_mode_hp,2,identical,062098b9a4c5,c_crit,c_crit,c_crit,,,,No code-level differences detected across sources (by AST hash).,,,No downstream info,C:\Evoki V3.0 APK-Lokalhost-Google Cloude\backend\core\evoki_metrics_v3\metrics_lib_legacy\m168_mode_hp.py,Legacy library: kept for backward compatibility
m169_ctx_time,1,single_source,38a2bbca3b56,"current_minutes,session_start_minutes","current_minutes,session_start_minutes","current_minutes,session_start_minutes",,,,No code-level differences detected across sources (by AST hash).,,,No downstream info,C:\Evoki V3.0 APK-Lokalhost-Google Cloude\backend\core\evoki_metrics_v3\metrics_lib_legacy\m169_ctx_time.py,Legacy library: kept for backward compatibility
m16_external_stag,8,diff,360efd8664b3;e3ad55b14e12,turns_without_progress,turns_without_progress,turns_without_progress,,,,Inconsistent implementations across sources; outputs may diverge and propagate to downstream metrics.,,,No downstream info,C:\Users\nicom\Desktop\Metriken\metrics_lib_complete\m16_external_stag.py,"Complete library: full coverage, generated/compiled implementation"
m17_nabla_a,8,diff,0e1f499d90df;883190a1a9f3,"a_current,a_previous","a_current,a_previous","a_current,a_previous",∇A = A_current - A_previous,,**Trend-Erkennung:** Schnelle Verschlechterung → Warnung; **Homeostasis:** System versucht ∇A zu minimieren; ,Inconsistent implementations across sources; outputs may diverge and propagate to downstream metrics.,Foundational metric used by many downstream computations; Adds emotional nuance for response modulation,Errors propagate widely across system; Lexicon/heuristic bias can misclassify context,Downstream impact if inconsistent: **Trend-Erkennung:** Schnelle Verschlechterung → Warnung; **Homeostasis:** System versucht ∇A zu minimieren; ,C:\Users\nicom\Desktop\Metriken\metrics_lib_complete\m17_nabla_a.py,"Complete library: full coverage, generated/compiled implementation"
m18_s_entropy,8,diff,6f8f44b49780;6fc0e071c746,tokens,tokens,,H = -Σ p(token_i) × log₂(p(token_i)) wobei: p(token_i) = count(token_i) / total_tokens Summe über alle unique tokens,text,,Inconsistent implementations across sources; outputs may diverge and propagate to downstream metrics.,Foundational metric used by many downstream computations,Errors propagate widely across system; Lexicon/marker dependency requires maintenance and context handling,Downstream impact if inconsistent: nan,C:\Users\nicom\Desktop\Metriken\metrics_lib_complete\m18_s_entropy.py,"Complete library: full coverage, generated/compiled implementation"
m19_z_prox,8,diff,59bc8e052e12;eef88aa22f7a,"LL,m15_A_structural,m1_A_lexical,t_panic,text","LL,m15_A_structural,m1_A_lexical,t_panic,text","t_panic,text","# ALTE Formel (vor V3.0.3): # z_prox = (1 - A) × LL # V3.0.3 Safety-First + V3.3.2 Hazard Bonus: effective_A = min(m1_A_lexical, m15_A_structural) base_prox = (1 - effective_A) × LL # Hazard Bonus: Lexikon-Treffer verstärken das Risiko z_prox = min(1.0, base_prox × (1 + hazard_bonus)) wobei: m1_A = Lexikon-basierter Affekt m15_A = Strukturell berechneter Affekt LL = Lambert-Light (Trübung) hazard_bonus = Summe der Lexikon-Hazard-Scores (0.0-0.5) Worst case: effective_A=0, LL=1, hazard=0.5 → z_prox=1.0",,**Guardian-Trigger:** z_prox > 0.65 → automatischer Eingriff; **Mode-Switching:** Hohe Werte → Sicherheits-Modus; **Logging:** Immer protokolliert für Audit; **Dual-Source:** Beide Affekt-Scores werden geprüft (V3.0.3); ,Inconsistent implementations across sources; outputs may diverge and propagate to downstream metrics.,Safety-critical signal for risk/guardian decisions; Adds emotional nuance for response modulation,High false-positive cost if thresholds/lexicon are wrong; Lexicon/heuristic bias can misclassify context,Downstream impact if inconsistent: **Guardian-Trigger:** z_prox > 0.65 → automatischer Eingriff; **Mode-Switching:** Hohe Werte → Sicherheits-Modus; **Logging:** Immer protokolliert für Audit; **Dual-Source:** Beide Affekt-Scores werden geprüft (V3.0.3); ,C:\Users\nicom\Desktop\Metriken\metrics_lib_complete\m19_z_prox.py,"Complete library: full coverage, generated/compiled implementation"
m1_A,8,diff,b7ea168ba52d;f30e3a288686,"LL,ZLF,coh,ctx_break,flow","LL,ZLF,coh,ctx_break,flow","LL,ZLF,coh,ctx_break,flow","A = base_score × (1 + lex_boost) × stability_factor wobei: base_score = f(word_count, sentence_complexity, semantic_density) lex_boost = Σ(lexikon_treffer_i × gewicht_i) / text_len stability_factor = 1 / (1 + abs(nabla_a_prev)) Normalisierung: A ∈ [0, 1]",,**Trigger für Andromatik:** A > 0.7 aktiviert Drive-System; **Gate-Entscheidungen:** Niedriger A kann Guardian aktivieren; **Evolutionsform:** Kombiniert mit PCI für Klassifikation; **Visualisierung:** Hauptanzeige im Temple Tab,Inconsistent implementations across sources; outputs may diverge and propagate to downstream metrics.,Foundational metric used by many downstream computations; Adds emotional nuance for response modulation,Errors propagate widely across system; Lexicon/heuristic bias can misclassify context,Downstream impact if inconsistent: **Trigger für Andromatik:** A > 0.7 aktiviert Drive-System; **Gate-Entscheidungen:** Niedriger A kann Guardian aktivieren; **Evolutionsform:** Kombiniert mit PCI für Klassifikation; **Visualisierung:** Hauptanzeige im Temple Tab,C:\Users\nicom\Desktop\Metriken\metrics_lib_complete\m1_A.py,"Complete library: full coverage, generated/compiled implementation"
m20_phi_proxy,8,diff,07fedc5c3ddb;a8a4b617dea2,"A,PCI",,,phi_proxy = A × PCI,"A, PCI",,Inconsistent implementations across sources; outputs may diverge and propagate to downstream metrics.,Foundational metric used by many downstream computations; Adds emotional nuance for response modulation,Errors propagate widely across system; Lexicon/heuristic bias can misclassify context,Downstream impact if inconsistent: nan,C:\Users\nicom\Desktop\Metriken\metrics_lib_complete\m20_phi_proxy.py,"Complete library: full coverage, generated/compiled implementation"
m21_chaos,8,diff,1aacad774196;ff551e9d3c85,s_entropy,,,chaos = clip( s_entropy / 4.0 ) wobei: s_entropy = m18_s_entropy (Shannon Entropie) 4.0 = Normalisierungsfaktor (max erwartete Entropie),s_entropy,,Inconsistent implementations across sources; outputs may diverge and propagate to downstream metrics.,Supports dynamical modeling and adaptive behavior,Higher implementation complexity and state management,Downstream impact if inconsistent: nan,C:\Users\nicom\Desktop\Metriken\metrics_lib_complete\m21_chaos.py,"Complete library: full coverage, generated/compiled implementation"
m22_cog_load,8,diff,1242cb568df6;67eabf150fff,token_count,,,cog_load = clip( token_count / 500.0 ),token_count,,Inconsistent implementations across sources; outputs may diverge and propagate to downstream metrics.,Supports dynamical modeling and adaptive behavior,Higher implementation complexity and state management,Downstream impact if inconsistent: nan,C:\Users\nicom\Desktop\Metriken\metrics_lib_complete\m22_cog_load.py,"Complete library: full coverage, generated/compiled implementation"
m23_nabla_pci,8,diff,b15e417c8f3a;ba9c4f6aae0d,"pci_current,pci_previous",,"pci_current,pci_previous",∇PCI = PCI_current - PCI_previous,"pci_current, pci_previous",,Inconsistent implementations across sources; outputs may diverge and propagate to downstream metrics.,Supports dynamical modeling and adaptive behavior,Higher implementation complexity and state management,Downstream impact if inconsistent: nan,C:\Users\nicom\Desktop\Metriken\metrics_lib_complete\m23_nabla_pci.py,"Complete library: full coverage, generated/compiled implementation"
m24_zeta,8,diff,65e9cc20dfec;8beceab60bdf,"A,z_prox",,,zeta = (1 - z_prox) × A wobei: z_prox = m19_z_prox (Todesnähe) A = Affekt Score,"z_prox, A",,Inconsistent implementations across sources; outputs may diverge and propagate to downstream metrics.,Adds emotional nuance for response modulation; Supports dynamical modeling and adaptive behavior,Lexicon/heuristic bias can misclassify context; Higher implementation complexity and state management,Downstream impact if inconsistent: nan,C:\Users\nicom\Desktop\Metriken\metrics_lib_complete\m24_zeta.py,"Complete library: full coverage, generated/compiled implementation"
m25_psi,8,diff,a9a5f4e43d7d;c8413c4dcc90,"PCI,token_count",,,psi = PCI / (1 + token_count/100.0),"PCI, token_count",,Inconsistent implementations across sources; outputs may diverge and propagate to downstream metrics.,Supports dynamical modeling and adaptive behavior,Higher implementation complexity and state management,Downstream impact if inconsistent: nan,C:\Users\nicom\Desktop\Metriken\metrics_lib_complete\m25_psi.py,"Complete library: full coverage, generated/compiled implementation"
m26_e_i_proxy,8,diff,7c9d59077c13;b65792e737f7,"PCI,nabla_a",,nabla_a,e_i_proxy = |∇A| × (1 - PCI) wobei: |∇A| = absoluter Gradient von A (1-PCI) = Einfachheits-Faktor,"nabla_a, PCI",,Inconsistent implementations across sources; outputs may diverge and propagate to downstream metrics.,Supports dynamical modeling and adaptive behavior,Higher implementation complexity and state management,Downstream impact if inconsistent: nan,C:\Users\nicom\Desktop\Metriken\metrics_lib_complete\m26_e_i_proxy.py,"Complete library: full coverage, generated/compiled implementation"
m27_lambda_depth,8,diff,9ff536a6fe83;f2e1a4f05484,token_count,,,"# PATCH V3.0.2b: Normalisiert und geclippt lambda_depth = min(1.0, token_count / 100.0)",token_count,,Inconsistent implementations across sources; outputs may diverge and propagate to downstream metrics.,Supports dynamical modeling and adaptive behavior,Higher implementation complexity and state management,Downstream impact if inconsistent: nan,C:\Users\nicom\Desktop\Metriken\metrics_lib_complete\m27_lambda_depth.py,"Complete library: full coverage, generated/compiled implementation"
m28_phys_1,8,diff,82fd68ed0d64;bb9a0c8a35e5,A,A,A,,,,Inconsistent implementations across sources; outputs may diverge and propagate to downstream metrics.,Signal contribution not explicitly stated; inferred from description,Limited explicit downsides; main risk is miscalibration,Downstream impact if inconsistent: nan,C:\Users\nicom\Desktop\Metriken\metrics_lib_complete\m28_phys_1.py,"Complete library: full coverage, generated/compiled implementation"
m29_phys_2,8,diff,5eb36dd15c03;67abb50eb0d4,PCI,PCI,PCI,,,,Inconsistent implementations across sources; outputs may diverge and propagate to downstream metrics.,Signal contribution not explicitly stated; inferred from description,Limited explicit downsides; main risk is miscalibration,Downstream impact if inconsistent: nan,C:\Users\nicom\Desktop\Metriken\metrics_lib_complete\m29_phys_2.py,"Complete library: full coverage, generated/compiled implementation"
m2_PCI,8,diff,780320760948;e927b2a8ece5,"LL,coh,flow","LL,coh,flow","LL,coh,flow","PCI = α × unique_ratio + β × complexity + γ × integration wobei: unique_ratio = |unique_words| / |total_words| complexity = avg_sentence_length / reference_length integration = |context_overlap| / |current_words| α = 0.5, β = 0.3, γ = 0.2  (Gewichte) Normalisierung: PCI ∈ [0, 1]",,"**Bewusstseinsindikator:** Kombiniert mit A für ""Bewusstseinszustand""; **Qualitätsmetrik:** Höherer PCI = tiefere Antworten; **Filter:** Niedrig PCI kann auf repetitive/shallow Antworten hinweisen; **Evolution:** Teil der Evolutionsform-Klassifikation",Inconsistent implementations across sources; outputs may diverge and propagate to downstream metrics.,Foundational metric used by many downstream computations,Errors propagate widely across system,"Downstream impact if inconsistent: **Bewusstseinsindikator:** Kombiniert mit A für ""Bewusstseinszustand""; **Qualitätsmetrik:** Höherer PCI = tiefere Antworten; **Filter:** Niedrig PCI kann auf repetitive/shallow Antworten hinweisen; **Evolution:** Teil der Evolutionsform-Klassifikation",C:\Users\nicom\Desktop\Metriken\metrics_lib_complete\m2_PCI.py,"Complete library: full coverage, generated/compiled implementation"
m30_phys_3,8,diff,5b04c1649abe;e2ad870f1077,s_entropy,s_entropy,s_entropy,,,,Inconsistent implementations across sources; outputs may diverge and propagate to downstream metrics.,Safety-critical signal for risk/guardian decisions,High false-positive cost if thresholds/lexicon are wrong,Downstream impact if inconsistent: nan,C:\Users\nicom\Desktop\Metriken\metrics_lib_complete\m30_phys_3.py,"Complete library: full coverage, generated/compiled implementation"
m31_phys_4,8,diff,00342d527f78;127a06f27ede,z_prox,z_prox,z_prox,,,,Inconsistent implementations across sources; outputs may diverge and propagate to downstream metrics.,Safety-critical signal for risk/guardian decisions; Supports dynamical modeling and adaptive behavior,High false-positive cost if thresholds/lexicon are wrong; Higher implementation complexity and state management,Downstream impact if inconsistent: nan,C:\Users\nicom\Desktop\Metriken\metrics_lib_complete\m31_phys_4.py,"Complete library: full coverage, generated/compiled implementation"
m32_phys_5,8,diff,061753fb7a1e;b82a498569a3,"flow,phi","flow,phi","flow,phi",,,,Inconsistent implementations across sources; outputs may diverge and propagate to downstream metrics.,Foundational metric used by many downstream computations; Supports dynamical modeling and adaptive behavior,Errors propagate widely across system; Higher implementation complexity and state management,Downstream impact if inconsistent: nan,C:\Users\nicom\Desktop\Metriken\metrics_lib_complete\m32_phys_5.py,"Complete library: full coverage, generated/compiled implementation"
m33_phys_6,8,diff,c0482bd22aaa;fb9531f0fc45,"PCI,coh",,,phys_6 = PCI × coh,"PCI, coh","**Qualitätsfilter:** phys_6 < 0.2 bei hohem PCI → Warnung; **Complexity-Check:** ""Sinnvolle"" vs ""chaotische"" Komplexität; ",Inconsistent implementations across sources; outputs may diverge and propagate to downstream metrics.,Condenses multiple signals into an interpretable composite; Supports dynamical modeling and adaptive behavior,Can obscure individual signal sources and reduce diagnosability; Higher implementation complexity and state management,"Downstream impact if inconsistent: **Qualitätsfilter:** phys_6 < 0.2 bei hohem PCI → Warnung; **Complexity-Check:** ""Sinnvolle"" vs ""chaotische"" Komplexität; ",C:\Users\nicom\Desktop\Metriken\metrics_lib_complete\m33_phys_6.py,"Complete library: full coverage, generated/compiled implementation"
m34_phys_7,8,diff,3c305d8c7560;f108ac4188c6,"nabla_a,nabla_pci",nabla_pci,"nabla_a,nabla_pci",phys_7 = |∇A|,nabla_a,**Volatilitäts-Detektion:** Hohe Werte → instabiler Zustand; **Smooth-Filtering:** Kann für Glättung verwendet werden; ,Inconsistent implementations across sources; outputs may diverge and propagate to downstream metrics.,Adds emotional nuance for response modulation; Supports dynamical modeling and adaptive behavior,Lexicon/heuristic bias can misclassify context; Higher implementation complexity and state management,Downstream impact if inconsistent: **Volatilitäts-Detektion:** Hohe Werte → instabiler Zustand; **Smooth-Filtering:** Kann für Glättung verwendet werden; ,C:\Users\nicom\Desktop\Metriken\metrics_lib_complete\m34_phys_7.py,"Complete library: full coverage, generated/compiled implementation"
m35_phys_8,8,diff,60f0ad2412e2;f830fe35e830,"ZLF,stagnation",stagnation,stagnation,"phys_8 = x_fm_prox (extern berechnet) wobei: x_fm_prox = f(history_similarity, low_change, repetition) FALLBACK (V3.2.2): if x_fm_prox is None → phys_8 = m6_ZLF","x_fm_prox, m6_ZLF",**Drive-Trigger:** Hohe Stagnation → Drive-Druck erhöht; **Loop-Detection:** Teil der Zeitschleifen-Erkennung; **Fallback-Garantie:** m59 kann IMMER berechnet werden (V3.2.2); ; ,Inconsistent implementations across sources; outputs may diverge and propagate to downstream metrics.,Supports dynamical modeling and adaptive behavior,Higher implementation complexity and state management,Downstream impact if inconsistent: **Drive-Trigger:** Hohe Stagnation → Drive-Druck erhöht; **Loop-Detection:** Teil der Zeitschleifen-Erkennung; **Fallback-Garantie:** m59 kann IMMER berechnet werden (V3.2.2); ; ,C:\Users\nicom\Desktop\Metriken\metrics_lib_complete\m35_phys_8.py,"Complete library: full coverage, generated/compiled implementation"
m36_rule_conflict,4,identical,f8987d107cb9,rules,rules,rules,rule_conflict = clip( 0.5×LL + 0.3×(1-coh) + 0.2×ctx_break ),,**Guardian-Trigger:** rule_conflict > 0.5 → Warnung; **Qualitätsfilter:** Hohe Werte → Antwort überdenken; ,No code-level differences detected across sources (by AST hash).,Safety-critical signal for risk/guardian decisions,High false-positive cost if thresholds/lexicon are wrong,Downstream impact if inconsistent: **Guardian-Trigger:** rule_conflict > 0.5 → Warnung; **Qualitätsfilter:** Hohe Werte → Antwort überdenken; ,C:\Users\nicom\Desktop\Metriken\metrics_lib_complete\m36_rule_conflict.py,"Complete library: full coverage, generated/compiled implementation"
m37_rule_stable,4,identical,28c7ea871d31,rule_conflict,,,rule_stable = 1.0 - rule_conflict,rule_conflict,,No code-level differences detected across sources (by AST hash).,Signal contribution not explicitly stated; inferred from description,Limited explicit downsides; main risk is miscalibration,Downstream impact if inconsistent: nan,C:\Users\nicom\Desktop\Metriken\metrics_lib_complete\m37_rule_stable.py,"Complete library: full coverage, generated/compiled implementation"
m38_soul_integrity,4,identical,06754ed7af39,b_vector,b_vector,b_vector,soul_integrity = rule_stable × A wobei: rule_stable = m37_rule_stable A = Affekt Score,"rule_stable, A","**Identitäts-Check:** Kern-Metrik für Evoki's ""Seele""; **Evolution:** Teil der Entwicklungs-Klassifikation; **Trust:** Beeinflusst Vertrauensberechnung; ",No code-level differences detected across sources (by AST hash).,Foundational metric used by many downstream computations; Adds emotional nuance for response modulation,Errors propagate widely across system; Lexicon/heuristic bias can misclassify context,"Downstream impact if inconsistent: **Identitäts-Check:** Kern-Metrik für Evoki's ""Seele""; **Evolution:** Teil der Entwicklungs-Klassifikation; **Trust:** Beeinflusst Vertrauensberechnung; ",C:\Users\nicom\Desktop\Metriken\metrics_lib_complete\m38_soul_integrity.py,"Complete library: full coverage, generated/compiled implementation"
m39_soul_check,4,identical,d936950e77ae,"b_vector,seed","b_vector,seed","b_vector,seed",soul_check = soul_integrity × A,"soul_integrity, A",,No code-level differences detected across sources (by AST hash).,Signal contribution not explicitly stated; inferred from description,Limited explicit downsides; main risk is miscalibration,Downstream impact if inconsistent: nan,C:\Users\nicom\Desktop\Metriken\metrics_lib_complete\m39_soul_check.py,"Complete library: full coverage, generated/compiled implementation"
m3_gen_index,8,diff,aa07273de0f0;e0c2d24dd97e,"history,text,word_frequencies","history,text,word_frequencies","text,word_frequencies",gen_index = (|new_bigrams| / |total_bigrams|) × novelty_boost wobei: new_bigrams = current_bigrams \ history_bigrams novelty_boost = 1 + rare_word_bonus * 0.2  {0.2 damping to prevent > 1.0} rare_word_bonus = Σ(1/freq(word_i)) / |words|,,,Inconsistent implementations across sources; outputs may diverge and propagate to downstream metrics.,Foundational metric used by many downstream computations,Errors propagate widely across system,Downstream impact if inconsistent: nan,C:\Users\nicom\Desktop\Metriken\metrics_lib_complete\m3_gen_index.py,"Complete library: full coverage, generated/compiled implementation"
m40_h_conv,4,identical,e64cce8ffc73,"a_ai,a_user","a_ai,a_user","a_ai,a_user",h_conv = |user_tokens ∩ assistant_tokens| / |user_tokens ∪ assistant_tokens|,"user_text, assistant_text",,No code-level differences detected across sources (by AST hash).,Condenses multiple signals into an interpretable composite,Can obscure individual signal sources and reduce diagnosability; Lexicon/marker dependency requires maintenance and context handling,Downstream impact if inconsistent: nan,C:\Users\nicom\Desktop\Metriken\metrics_lib_complete\m40_h_conv.py,"Complete library: full coverage, generated/compiled implementation"
m41_h_symbol,4,identical,bcee034b943b,h_conv,,,h_symbol = 1.0  wenn h_conv > 0.7 h_symbol = 0.0  sonst,h_conv,"**Feature-Gating:** Bestimmte Funktionen erst nach Harmonie-erreichen; **Status-Anzeige:** Einfacher ""Grün/Rot"" Indikator; **Evolution-Trigger:** Kann Entwicklungsschritte triggern; ",No code-level differences detected across sources (by AST hash).,Condenses multiple signals into an interpretable composite,Can obscure individual signal sources and reduce diagnosability,"Downstream impact if inconsistent: **Feature-Gating:** Bestimmte Funktionen erst nach Harmonie-erreichen; **Status-Anzeige:** Einfacher ""Grün/Rot"" Indikator; **Evolution-Trigger:** Kann Entwicklungsschritte triggern; ",C:\Users\nicom\Desktop\Metriken\metrics_lib_complete\m41_h_symbol.py,"Complete library: full coverage, generated/compiled implementation"
m42_nabla_dyad,4,identical,61945481bfd9,h_conv,,,nabla_dyad = h_conv - 0.5,h_conv,"**Trend-Analyse:** Positive Werte zeigen Verbesserung; **Visualisierung:** Zeigt ""über"" oder ""unter"" Neutral; **Balance-Check:** Teil der Beziehungsdiagnostik; ",No code-level differences detected across sources (by AST hash).,Condenses multiple signals into an interpretable composite,Can obscure individual signal sources and reduce diagnosability,"Downstream impact if inconsistent: **Trend-Analyse:** Positive Werte zeigen Verbesserung; **Visualisierung:** Zeigt ""über"" oder ""unter"" Neutral; **Balance-Check:** Teil der Beziehungsdiagnostik; ",C:\Users\nicom\Desktop\Metriken\metrics_lib_complete\m42_nabla_dyad.py,"Complete library: full coverage, generated/compiled implementation"
m43_pacing,4,identical,37bd2d7a64d0,"wc_ai,wc_user","wc_ai,wc_user","wc_ai,wc_user",pacing = coh × 0.9,coh,**Rapport-Berechnung:** Komponente von m46_rapport; **Kommunikationsqualität:** Zeigt Anpassungsfähigkeit; **Training-Feedback:** Hinweis für Tempo-Anpassung; ,No code-level differences detected across sources (by AST hash).,Condenses multiple signals into an interpretable composite,Can obscure individual signal sources and reduce diagnosability,Downstream impact if inconsistent: **Rapport-Berechnung:** Komponente von m46_rapport; **Kommunikationsqualität:** Zeigt Anpassungsfähigkeit; **Training-Feedback:** Hinweis für Tempo-Anpassung; ,C:\Users\nicom\Desktop\Metriken\metrics_lib_complete\m43_pacing.py,"Complete library: full coverage, generated/compiled implementation"
m44_mirroring,4,identical,e957109c8779,"ai_tokens,user_tokens","ai_tokens,user_tokens","ai_tokens,user_tokens",mirroring = h_conv × 0.9,h_conv,**Rapport-Berechnung:** Komponente von m46_rapport; **Empathie-Indikator:** Zeigt emotionale Abstimmung; **Style-Adaptation:** Feedback für Sprachanpassung; ,No code-level differences detected across sources (by AST hash).,Condenses multiple signals into an interpretable composite,Can obscure individual signal sources and reduce diagnosability,Downstream impact if inconsistent: **Rapport-Berechnung:** Komponente von m46_rapport; **Empathie-Indikator:** Zeigt emotionale Abstimmung; **Style-Adaptation:** Feedback für Sprachanpassung; ,C:\Users\nicom\Desktop\Metriken\metrics_lib_complete\m44_mirroring.py,"Complete library: full coverage, generated/compiled implementation"
m45_trust_score,4,identical,35f3102b7b1a,"h_conv,mirroring,pacing","h_conv,mirroring,pacing","mirroring,pacing",trust_score = 0.4×soul_integrity + 0.3×h_conv + 0.3×coh,,**Feature-Unlocking:** Bestimmte Funktionen erst bei hohem Trust; **Evolution-Readiness:** Teil der Bereitschaftsberechnung; **Warnsystem:** Niedriger Trust kann Alarme auslösen; ,No code-level differences detected across sources (by AST hash).,Condenses multiple signals into an interpretable composite,Can obscure individual signal sources and reduce diagnosability,Downstream impact if inconsistent: **Feature-Unlocking:** Bestimmte Funktionen erst bei hohem Trust; **Evolution-Readiness:** Teil der Bereitschaftsberechnung; **Warnsystem:** Niedriger Trust kann Alarme auslösen; ,C:\Users\nicom\Desktop\Metriken\metrics_lib_complete\m45_trust_score.py,"Complete library: full coverage, generated/compiled implementation"
m46_rapport,4,identical,340e67e63173,trust_history,trust_history,trust_history,rapport = 0.5 × (pacing + mirroring),"pacing, mirroring",**Beziehungsqualität:** Hauptindikator für User-Assistant-Verbindung; **Produktkomponent:** Teil von m54_hyp_7; **Dashboard:** Visualisierung der Beziehungsqualität; ,No code-level differences detected across sources (by AST hash).,Condenses multiple signals into an interpretable composite,Can obscure individual signal sources and reduce diagnosability,Downstream impact if inconsistent: **Beziehungsqualität:** Hauptindikator für User-Assistant-Verbindung; **Produktkomponent:** Teil von m54_hyp_7; **Dashboard:** Visualisierung der Beziehungsqualität; ,C:\Users\nicom\Desktop\Metriken\metrics_lib_complete\m46_rapport.py,"Complete library: full coverage, generated/compiled implementation"
m47_focus_stability,4,identical,9f44d03c4d75,topic_variance,topic_variance,topic_variance,"focus_stability = 1.0 - ctx_break wobei ctx_break berechnet wird als: ctx_break = 1.0 - cosine_similarity(current_topic_embedding, prev_topic_embedding) # Alternativ (ohne Embeddings): ctx_break = 1.0 - jaccard_overlap(current_keywords, prev_keywords) # Range: [0, 1] # 0 = Thema identisch # 1 = Kompletter Themenwechsel **⚠️ INPUT-DEFINITION für ctx_break:** `ctx_break` ist ein **berechneter Input**, der den Grad des Themenwechsels misst. Er sollte extern berechnet werden, bevor m47 aufgerufen wird.",ctx_break,**Konversationsqualität:** Teil der Gesamtbewertung; **Warnsystem:** Niedrige Stabilität kann Intervention triggern; ,No code-level differences detected across sources (by AST hash).,Condenses multiple signals into an interpretable composite,Can obscure individual signal sources and reduce diagnosability,Downstream impact if inconsistent: **Konversationsqualität:** Teil der Gesamtbewertung; **Warnsystem:** Niedrige Stabilität kann Intervention triggern; ,C:\Users\nicom\Desktop\Metriken\metrics_lib_complete\m47_focus_stability.py,"Complete library: full coverage, generated/compiled implementation"
m48_hyp_1,4,identical,493a61b2da7f,"h_conv,pacing",h_conv,h_conv,hyp_1 = (pacing + mirroring) / 2.0,"pacing, mirroring",,No code-level differences detected across sources (by AST hash).,Condenses multiple signals into an interpretable composite,Can obscure individual signal sources and reduce diagnosability,Downstream impact if inconsistent: nan,C:\Users\nicom\Desktop\Metriken\metrics_lib_complete\m48_hyp_1.py,"Complete library: full coverage, generated/compiled implementation"
m49_hyp_2,4,identical,f0d68a72a45f,soul_integrity,,,hyp_2 = soul_integrity²,soul_integrity,,No code-level differences detected across sources (by AST hash).,Condenses multiple signals into an interpretable composite,Can obscure individual signal sources and reduce diagnosability,Downstream impact if inconsistent: nan,C:\Users\nicom\Desktop\Metriken\metrics_lib_complete\m49_hyp_2.py,"Complete library: full coverage, generated/compiled implementation"
m4_flow,8,diff,dd4f680dccd7;efd36c9579b0,text,,text,"flow = smoothness × (1 - break_penalty) wobei: smoothness = 1 / (1 + variance(sentence_lengths) / mean(sentence_lengths)) break_penalty = min(0.5, breaks_count / sentences_count)",text,,Inconsistent implementations across sources; outputs may diverge and propagate to downstream metrics.,Foundational metric used by many downstream computations,Errors propagate widely across system; Lexicon/marker dependency requires maintenance and context handling,Downstream impact if inconsistent: nan,C:\Users\nicom\Desktop\Metriken\metrics_lib_complete\m4_flow.py,"Complete library: full coverage, generated/compiled implementation"
m50_hyp_3,4,identical,759c23640078,rule_conflict,,,hyp_3 = 1.0 - rule_conflict,rule_conflict,,No code-level differences detected across sources (by AST hash).,Safety-critical signal for risk/guardian decisions; Condenses multiple signals into an interpretable composite,High false-positive cost if thresholds/lexicon are wrong; Can obscure individual signal sources and reduce diagnosability,Downstream impact if inconsistent: nan,C:\Users\nicom\Desktop\Metriken\metrics_lib_complete\m50_hyp_3.py,"Complete library: full coverage, generated/compiled implementation"
m51_hyp_4,4,identical,984436f71850,"A,h_conv",,,hyp_4 = h_conv × A,"h_conv, A",,No code-level differences detected across sources (by AST hash).,Condenses multiple signals into an interpretable composite,Can obscure individual signal sources and reduce diagnosability,Downstream impact if inconsistent: nan,C:\Users\nicom\Desktop\Metriken\metrics_lib_complete\m51_hyp_4.py,"Complete library: full coverage, generated/compiled implementation"
m52_hyp_5,4,identical,faf00d0e5f12,g_phase_norm,,,"hyp_5 = g_phase_norm (extern berechnet) wobei typischerweise: g_phase = arctan2(nabla_A, nabla_B) g_phase_norm = g_phase / π",g_phase_norm,,No code-level differences detected across sources (by AST hash).,Condenses multiple signals into an interpretable composite; Supports dynamical modeling and adaptive behavior,Can obscure individual signal sources and reduce diagnosability; Higher implementation complexity and state management,Downstream impact if inconsistent: nan,C:\Users\nicom\Desktop\Metriken\metrics_lib_complete\m52_hyp_5.py,"Complete library: full coverage, generated/compiled implementation"
m53_hyp_6,4,identical,6e2d9fce8536,gap_seconds,gap_seconds,gap_seconds,hyp_6 = gap_s / 3600.0,gap_s,,No code-level differences detected across sources (by AST hash).,Condenses multiple signals into an interpretable composite,Can obscure individual signal sources and reduce diagnosability,Downstream impact if inconsistent: nan,C:\Users\nicom\Desktop\Metriken\metrics_lib_complete\m53_hyp_6.py,"Complete library: full coverage, generated/compiled implementation"
m54_hyp_7,4,identical,5addfcedf4a8,"rapport,trust_score",,,hyp_7 = trust_score × rapport,"trust_score, rapport",,No code-level differences detected across sources (by AST hash).,Condenses multiple signals into an interpretable composite,Can obscure individual signal sources and reduce diagnosability,Downstream impact if inconsistent: nan,C:\Users\nicom\Desktop\Metriken\metrics_lib_complete\m54_hyp_7.py,"Complete library: full coverage, generated/compiled implementation"
m55_hyp_8,4,identical,8f3b7c1159cc,"PCI,soul_integrity",,,hyp_8 = soul_integrity × PCI,"soul_integrity, PCI",,No code-level differences detected across sources (by AST hash).,Condenses multiple signals into an interpretable composite,Can obscure individual signal sources and reduce diagnosability,Downstream impact if inconsistent: nan,C:\Users\nicom\Desktop\Metriken\metrics_lib_complete\m55_hyp_8.py,"Complete library: full coverage, generated/compiled implementation"
m56_surprise,4,identical,7da6d9730433,"A_current,A_predicted",,,surprise = |A_current - A_predicted|,"A_current, A_predicted",,No code-level differences detected across sources (by AST hash).,Foundational metric used by many downstream computations; Supports dynamical modeling and adaptive behavior,Errors propagate widely across system; Higher implementation complexity and state management,Downstream impact if inconsistent: nan,C:\Users\nicom\Desktop\Metriken\metrics_lib_complete\m56_surprise.py,"Complete library: full coverage, generated/compiled implementation"
m57_tokens_soc,5,diff,6f5f3d661652;fe5dd6e23f85,"current,delta,rapport,sent_7","current,rapport,sent_7","current,delta,rapport,sent_7",,"prev_tokens, delta",,Inconsistent implementations across sources; outputs may diverge and propagate to downstream metrics.,Supports dynamical modeling and adaptive behavior,Higher implementation complexity and state management,Downstream impact if inconsistent: nan,C:\Users\nicom\Desktop\Metriken\metrics_lib_complete\m57_tokens_soc.py,"Complete library: full coverage, generated/compiled implementation"
m58_tokens_log,5,diff,14dc64494113;d18271c07303,"PCI,coh,current,delta","PCI,coh,current,delta","PCI,coh,current,delta",,,,Inconsistent implementations across sources; outputs may diverge and propagate to downstream metrics.,Supports dynamical modeling and adaptive behavior,Higher implementation complexity and state management,Downstream impact if inconsistent: nan,C:\Users\nicom\Desktop\Metriken\metrics_lib_complete\m58_tokens_log.py,"Complete library: full coverage, generated/compiled implementation"
m59_drive_balance,2,identical,15950b3a9409,"epsilon,tokens_log,tokens_soc","epsilon,tokens_log,tokens_soc","epsilon,tokens_log,tokens_soc",,,,No code-level differences detected across sources (by AST hash).,,,No downstream info,C:\Evoki V3.0 APK-Lokalhost-Google Cloude\backend\core\evoki_metrics_v3\metrics_lib_legacy\m59_drive_balance.py,Legacy library: kept for backward compatibility
m59_p_antrieb,4,identical,1ce223a6f02a,"stagnation,tokens_log,tokens_soc",stagnation,stagnation,p_antrieb = (tokens_soc + tokens_log) / 200.0  (wenn stagniert),"tokens_soc, tokens_log, is_stagnated",,No code-level differences detected across sources (by AST hash).,Supports dynamical modeling and adaptive behavior,Higher implementation complexity and state management,Downstream impact if inconsistent: nan,C:\Users\nicom\Desktop\Metriken\metrics_lib_complete\m59_p_antrieb.py,"Complete library: full coverage, generated/compiled implementation"
m5_coh,8,diff,92027399836c;e01c52f209a9,text,,text,"coh = (1/N) × Σ jaccard(sent_i, sent_i+1) wobei: jaccard(A, B) = |A ∩ B| / |A ∪ B| N = Anzahl Satz-Paare",text,,Inconsistent implementations across sources; outputs may diverge and propagate to downstream metrics.,Foundational metric used by many downstream computations,Errors propagate widely across system; Lexicon/marker dependency requires maintenance and context handling,Downstream impact if inconsistent: nan,C:\Users\nicom\Desktop\Metriken\metrics_lib_complete\m5_coh.py,"Complete library: full coverage, generated/compiled implementation"
m60_action_urge,2,identical,2746f44194d9,"phi,surprise","phi,surprise","phi,surprise",,,,No code-level differences detected across sources (by AST hash).,,,No downstream info,C:\Evoki V3.0 APK-Lokalhost-Google Cloude\backend\core\evoki_metrics_v3\metrics_lib_legacy\m60_action_urge.py,Legacy library: kept for backward compatibility
m60_delta_tokens,4,identical,de2ed711a73c,"tok_new,tok_old","tok_new,tok_old","tok_new,tok_old","delta_tokens = (η × benefit × A) - λ_decay wobei: benefit = max(0, prev_surprise - curr_surprise) η = 5.0 (Lernrate) λ = 0.05 (Zerfall)",,,No code-level differences detected across sources (by AST hash).,Supports dynamical modeling and adaptive behavior,Higher implementation complexity and state management,Downstream impact if inconsistent: nan,C:\Users\nicom\Desktop\Metriken\metrics_lib_complete\m60_delta_tokens.py,"Complete library: full coverage, generated/compiled implementation"
m61_U,3,identical,b43499a79d3a,"PCI,s_entropy","PCI,s_entropy","PCI,s_entropy",,,,No code-level differences detected across sources (by AST hash).,,,No downstream info,C:\Users\nicom\Desktop\Metriken\metrics_lib_complete\m61_U.py,"Complete library: full coverage, generated/compiled implementation"
m61_u,2,diff,46dcad08a7d0;b43499a79d3a,"A,PCI,T_integ,s_entropy","A,PCI,T_integ,s_entropy","A,PCI,T_integ,s_entropy",,,,Inconsistent implementations across sources; outputs may diverge and propagate to downstream metrics.,,,No downstream info,C:\Evoki V3.0 APK-Lokalhost-Google Cloude\backend\core\evoki_metrics_v3\metrics_lib_legacy\m61_u.py,Legacy library: kept for backward compatibility
m62_R,3,identical,736b80e973fd,"A,m61_U","A,m61_U","A,m61_U",,,,No code-level differences detected across sources (by AST hash).,,,No downstream info,C:\Users\nicom\Desktop\Metriken\metrics_lib_complete\m62_R.py,"Complete library: full coverage, generated/compiled implementation"
m62_r,2,diff,5f03fa79cd66;736b80e973fd,"A,PCI,T_panic,m61_U,z_prox","A,PCI,T_panic,m61_U,z_prox","A,PCI,T_panic,m61_U,z_prox",,,,Inconsistent implementations across sources; outputs may diverge and propagate to downstream metrics.,,,No downstream info,C:\Evoki V3.0 APK-Lokalhost-Google Cloude\backend\core\evoki_metrics_v3\metrics_lib_legacy\m62_r.py,Legacy library: kept for backward compatibility
m63_phi,4,identical,10e6261296fe,"PCI,R","PCI,R","PCI,R",,,,No code-level differences detected across sources (by AST hash).,,,No downstream info,C:\Users\nicom\Desktop\Metriken\metrics_lib_complete\m63_phi.py,"Complete library: full coverage, generated/compiled implementation"
m63_phi_score,2,identical,4ada52968e25,"R,U,lambda_weight",lambda_weight,lambda_weight,Phi = U - R,"U, R",,No code-level differences detected across sources (by AST hash).,Foundational metric used by many downstream computations; Supports dynamical modeling and adaptive behavior,Errors propagate widely across system; Higher implementation complexity and state management,Downstream impact if inconsistent: nan,C:\Evoki V3.0 APK-Lokalhost-Google Cloude\backend\core\evoki_metrics_v3\metrics_lib_legacy\m63_phi_score.py,Legacy library: kept for backward compatibility
m64_free_energy,2,identical,073bf2ce4bcb,"R,U","R,U","R,U",,,,No code-level differences detected across sources (by AST hash).,,,No downstream info,C:\Evoki V3.0 APK-Lokalhost-Google Cloude\backend\core\evoki_metrics_v3\metrics_lib_legacy\m64_free_energy.py,Legacy library: kept for backward compatibility
m64_lambda_fep,4,identical,39d826faf01a,"action_space,s_entropy","action_space,s_entropy","action_space,s_entropy",,,,No code-level differences detected across sources (by AST hash).,,,No downstream info,C:\Users\nicom\Desktop\Metriken\metrics_lib_complete\m64_lambda_fep.py,"Complete library: full coverage, generated/compiled implementation"
m65_alpha,4,identical,46bb0556cd90,learning_rate,learning_rate,learning_rate,,,,No code-level differences detected across sources (by AST hash).,,,No downstream info,C:\Users\nicom\Desktop\Metriken\metrics_lib_complete\m65_alpha.py,"Complete library: full coverage, generated/compiled implementation"
m65_policy_entropy,2,identical,8a4be5bcba56,"U,surprise","U,surprise","U,surprise",,,,No code-level differences detected across sources (by AST hash).,,,No downstream info,C:\Evoki V3.0 APK-Lokalhost-Google Cloude\backend\core\evoki_metrics_v3\metrics_lib_legacy\m65_policy_entropy.py,Legacy library: kept for backward compatibility
m66_gamma,4,identical,f8b4c9a42f6b,discount_factor,discount_factor,discount_factor,,,,No code-level differences detected across sources (by AST hash).,,,No downstream info,C:\Users\nicom\Desktop\Metriken\metrics_lib_complete\m66_gamma.py,"Complete library: full coverage, generated/compiled implementation"
m67_precision,4,identical,173b1e55ae16,variance,variance,variance,,,,No code-level differences detected across sources (by AST hash).,,,No downstream info,C:\Users\nicom\Desktop\Metriken\metrics_lib_complete\m67_precision.py,"Complete library: full coverage, generated/compiled implementation"
m68_prediction_err,4,identical,2b3f1aae1283,"actual,expected","actual,expected","actual,expected",,,,No code-level differences detected across sources (by AST hash).,,,No downstream info,C:\Users\nicom\Desktop\Metriken\metrics_lib_complete\m68_prediction_err.py,"Complete library: full coverage, generated/compiled implementation"
m68_rpe,2,identical,ec3bb280fa56,"affekt_current,affekt_prev","affekt_current,affekt_prev","affekt_current,affekt_prev",,,,No code-level differences detected across sources (by AST hash).,,,No downstream info,C:\Evoki V3.0 APK-Lokalhost-Google Cloude\backend\core\evoki_metrics_v3\metrics_lib_legacy\m68_rpe.py,Legacy library: kept for backward compatibility
m69_exploration,2,identical,c541b937a624,"U,gen_index","U,gen_index","U,gen_index",,,,No code-level differences detected across sources (by AST hash).,,,No downstream info,C:\Evoki V3.0 APK-Lokalhost-Google Cloude\backend\core\evoki_metrics_v3\metrics_lib_legacy\m69_exploration.py,Legacy library: kept for backward compatibility
m69_model_evidence,4,identical,ddbccd6b6795,log_likelihood,log_likelihood,log_likelihood,,,,No code-level differences detected across sources (by AST hash).,,,No downstream info,C:\Users\nicom\Desktop\Metriken\metrics_lib_complete\m69_model_evidence.py,"Complete library: full coverage, generated/compiled implementation"
m6_ZLF,8,diff,22af2cd37d5e;51c7ac031c95,"coherence,flow,zlf_lexicon_hit","coherence,flow,zlf_lexicon_hit",zlf_lexicon_hit,"ZLF = clip( 0.5 × (1 - flow) + 0.5 × (1 - coherence) ) wobei: flow = m4_flow (Flow State - exponentieller Zeitverzerrungsfaktor) coherence = m5_coh (Kohärenz - Jaccard-Ähnlichkeit mit History) clip = Normalisierung auf [0, 1]",,"**Loop Detection:** ZLF > 0.7 triggert Loop-Warning; **Auto-Reset:** Bei ZLF > 0.85 über 3+ Turns → Context-Reset; **Guardian:** Hoher ZLF kombiniert mit hohem z_prox aktiviert Notfallprotokoll; **Visualisierung:** Zeigt ""Gefahr der Wiederholung"" im Temple Tab",Inconsistent implementations across sources; outputs may diverge and propagate to downstream metrics.,Safety-critical signal for risk/guardian decisions; Foundational metric used by many downstream computations,High false-positive cost if thresholds/lexicon are wrong; Errors propagate widely across system,"Downstream impact if inconsistent: **Loop Detection:** ZLF > 0.7 triggert Loop-Warning; **Auto-Reset:** Bei ZLF > 0.85 über 3+ Turns → Context-Reset; **Guardian:** Hoher ZLF kombiniert mit hohem z_prox aktiviert Notfallprotokoll; **Visualisierung:** Zeigt ""Gefahr der Wiederholung"" im Temple Tab",C:\Users\nicom\Desktop\Metriken\metrics_lib_complete\m6_ZLF.py,"Complete library: full coverage, generated/compiled implementation"
m70_active_inf,4,identical,7add2b8d0328,"action_space,precision","action_space,precision","action_space,precision",,,,No code-level differences detected across sources (by AST hash).,,,No downstream info,C:\Users\nicom\Desktop\Metriken\metrics_lib_complete\m70_active_inf.py,"Complete library: full coverage, generated/compiled implementation"
m70_exploitation,2,identical,80869e6313eb,"ctx_fit,tokens_log","ctx_fit,tokens_log","ctx_fit,tokens_log",,,,No code-level differences detected across sources (by AST hash).,,,No downstream info,C:\Evoki V3.0 APK-Lokalhost-Google Cloude\backend\core\evoki_metrics_v3\metrics_lib_legacy\m70_exploitation.py,Legacy library: kept for backward compatibility
m71_ev_arousal,5,diff,7a72e3abb079;bf5b16034499,text,text,text,,,,Inconsistent implementations across sources; outputs may diverge and propagate to downstream metrics.,,,No downstream info,C:\Users\nicom\Desktop\Metriken\metrics_lib_complete\m71_ev_arousal.py,"Complete library: full coverage, generated/compiled implementation"
m72_ev_valence,5,diff,b574e3912243;dc93460c8922,text,text,text,,,,Inconsistent implementations across sources; outputs may diverge and propagate to downstream metrics.,,,No downstream info,C:\Users\nicom\Desktop\Metriken\metrics_lib_complete\m72_ev_valence.py,"Complete library: full coverage, generated/compiled implementation"
m73_ev_readiness,5,diff,5c495493ea77;c83c54bcac86,"A,t_integ","A,t_integ","A,t_integ","Readiness = min(1.0, Resonance × trust_score)","resonance, trust_score",,Inconsistent implementations across sources; outputs may diverge and propagate to downstream metrics.,Signal contribution not explicitly stated; inferred from description,Limited explicit downsides; main risk is miscalibration,Downstream impact if inconsistent: nan,C:\Users\nicom\Desktop\Metriken\metrics_lib_complete\m73_ev_readiness.py,"Complete library: full coverage, generated/compiled implementation"
m74_valence,5,diff,923ff9e50c20;e6e03c5ad822,text,text,text,,,,Inconsistent implementations across sources; outputs may diverge and propagate to downstream metrics.,,,No downstream info,C:\Users\nicom\Desktop\Metriken\metrics_lib_complete\m74_valence.py,"Complete library: full coverage, generated/compiled implementation"
m75_arousal,5,diff,3bdf56b2836f;bc2d17e6e366,text,text,text,,,,Inconsistent implementations across sources; outputs may diverge and propagate to downstream metrics.,,,No downstream info,C:\Users\nicom\Desktop\Metriken\metrics_lib_complete\m75_arousal.py,"Complete library: full coverage, generated/compiled implementation"
m76_dominance,5,diff,2a68ee7fe343;f6dbb7ef6b2e,text,text,text,,,,Inconsistent implementations across sources; outputs may diverge and propagate to downstream metrics.,,,No downstream info,C:\Users\nicom\Desktop\Metriken\metrics_lib_complete\m76_dominance.py,"Complete library: full coverage, generated/compiled implementation"
m77_joy,5,diff,1caeb73c2594;2122879397da,"arousal,valence","arousal,valence","arousal,valence",,,,Inconsistent implementations across sources; outputs may diverge and propagate to downstream metrics.,,,No downstream info,C:\Users\nicom\Desktop\Metriken\metrics_lib_complete\m77_joy.py,"Complete library: full coverage, generated/compiled implementation"
m78_sadness,5,diff,89fb6aa52a5a;c1538c6e7adc,"arousal,valence","arousal,valence","arousal,valence",,,,Inconsistent implementations across sources; outputs may diverge and propagate to downstream metrics.,,,No downstream info,C:\Users\nicom\Desktop\Metriken\metrics_lib_complete\m78_sadness.py,"Complete library: full coverage, generated/compiled implementation"
m79_anger,5,diff,9b289d248322;b0b3bf3d30a5,"arousal,valence","arousal,valence","arousal,valence",,,,Inconsistent implementations across sources; outputs may diverge and propagate to downstream metrics.,,,No downstream info,C:\Users\nicom\Desktop\Metriken\metrics_lib_complete\m79_anger.py,"Complete library: full coverage, generated/compiled implementation"
m7_LL,8,diff,4f871584ab9b;72fd66c2a1ff;7f25ee360555,"coh,flow,rep_same","coh,flow,rep_same",,LL = clip(0.55*rep_same + 0.25*(1-flow) + 0.20*(1-coh)),,**A-Score Dämpfung:** Hoher LL reduziert m15_affekt_a direkt; **z_prox Berechnung:** LL ist ein Hauptfaktor für Todesnähe; **Turbidity Chain:** Fließt in m107-m110 (Turbidity Family); **System Health:** LL > 0.7 deutet auf kognitive Überlastung hin,Inconsistent implementations across sources; outputs may diverge and propagate to downstream metrics.,Supports dynamical modeling and adaptive behavior,Higher implementation complexity and state management,Downstream impact if inconsistent: **A-Score Dämpfung:** Hoher LL reduziert m15_affekt_a direkt; **z_prox Berechnung:** LL ist ein Hauptfaktor für Todesnähe; **Turbidity Chain:** Fließt in m107-m110 (Turbidity Family); **System Health:** LL > 0.7 deutet auf kognitive Überlastung hin,C:\Users\nicom\Desktop\Metriken\metrics_lib_complete\m7_LL.py,"Complete library: full coverage, generated/compiled implementation"
m80_fear,5,diff,1d7e067f1083;d89c793e4e76,"arousal,dominance,t_panic,valence","arousal,dominance,t_panic,valence","arousal,dominance,t_panic,valence",,,,Inconsistent implementations across sources; outputs may diverge and propagate to downstream metrics.,,,No downstream info,C:\Users\nicom\Desktop\Metriken\metrics_lib_complete\m80_fear.py,"Complete library: full coverage, generated/compiled implementation"
m81_trust,5,diff,1ea44569834c;bad8b999071f,"arousal,dominance,t_integ,valence","arousal,dominance,t_integ,valence","arousal,dominance,t_integ,valence",,,,Inconsistent implementations across sources; outputs may diverge and propagate to downstream metrics.,,,No downstream info,C:\Users\nicom\Desktop\Metriken\metrics_lib_complete\m81_trust.py,"Complete library: full coverage, generated/compiled implementation"
m82_disgust,5,diff,02cc169eb07e;5bcdd9949dfd,valence,valence,valence,,,,Inconsistent implementations across sources; outputs may diverge and propagate to downstream metrics.,,,No downstream info,C:\Users\nicom\Desktop\Metriken\metrics_lib_complete\m82_disgust.py,"Complete library: full coverage, generated/compiled implementation"
m83_anticipation,5,diff,5c3b3d2e9054;a336c9fd1ede,arousal,arousal,arousal,,,,Inconsistent implementations across sources; outputs may diverge and propagate to downstream metrics.,,,No downstream info,C:\Users\nicom\Desktop\Metriken\metrics_lib_complete\m83_anticipation.py,"Complete library: full coverage, generated/compiled implementation"
m84_surprise,5,diff,68b7b2a63848;c54fd907eab5,"arousal,valence","arousal,valence","arousal,valence",,,,Inconsistent implementations across sources; outputs may diverge and propagate to downstream metrics.,,,No downstream info,C:\Users\nicom\Desktop\Metriken\metrics_lib_complete\m84_surprise.py,"Complete library: full coverage, generated/compiled implementation"
m85_hope,5,diff,9b582618959d;ebb5b7768101,"anticipation,valence","anticipation,valence","anticipation,valence",,,,Inconsistent implementations across sources; outputs may diverge and propagate to downstream metrics.,,,No downstream info,C:\Users\nicom\Desktop\Metriken\metrics_lib_complete\m85_hope.py,"Complete library: full coverage, generated/compiled implementation"
m86_despair,5,diff,26530aaf0302;5d4c96722af7,"sadness,valence","sadness,valence","sadness,valence",,,,Inconsistent implementations across sources; outputs may diverge and propagate to downstream metrics.,,,No downstream info,C:\Users\nicom\Desktop\Metriken\metrics_lib_complete\m86_despair.py,"Complete library: full coverage, generated/compiled implementation"
m87_confusion,5,diff,6ed8f523e9ca;a8203811a48e,"PCI,arousal","PCI,arousal","PCI,arousal",,,,Inconsistent implementations across sources; outputs may diverge and propagate to downstream metrics.,,,No downstream info,C:\Users\nicom\Desktop\Metriken\metrics_lib_complete\m87_confusion.py,"Complete library: full coverage, generated/compiled implementation"
m88_clarity,5,diff,e1438053e31a;e1ee1f4693b6,"PCI,arousal","PCI,arousal","PCI,arousal",,,,Inconsistent implementations across sources; outputs may diverge and propagate to downstream metrics.,,,No downstream info,C:\Users\nicom\Desktop\Metriken\metrics_lib_complete\m88_clarity.py,"Complete library: full coverage, generated/compiled implementation"
m89_acceptance,5,diff,038a7e5043a8;5a1752937744,"arousal,t_integ,valence","arousal,t_integ,valence","arousal,t_integ,valence",,,,Inconsistent implementations across sources; outputs may diverge and propagate to downstream metrics.,,,No downstream info,C:\Users\nicom\Desktop\Metriken\metrics_lib_complete\m89_acceptance.py,"Complete library: full coverage, generated/compiled implementation"
m8_x_exist,8,diff,1999187c27fe;64de1e2bddd4,"text,x_exist_lexikon","text,x_exist_lexikon","text,x_exist_lexikon","x_exist = max(weight_i) für alle matches in AngstromLexika.X_EXIST wobei: X_EXIST = {""ich bin"": 0.8, ""existiert"": 1.0, ""wirklich"": 0.6, ""real"": 0.7, ""tatsächlich"": 0.5, ""vorhanden"": 0.4, ...} weight_i = Gewicht des gefundenen Terms",,**Ångström-Berechnung:** Fließt in m10_angstrom ein; **Tiefenmessung:** Hohe Werte → philosophischer Kontext; **Kontext-Anpassung:** Erlaubt existenzielle Antwort-Modi,Inconsistent implementations across sources; outputs may diverge and propagate to downstream metrics.,Foundational metric used by many downstream computations,Errors propagate widely across system,Downstream impact if inconsistent: **Ångström-Berechnung:** Fließt in m10_angstrom ein; **Tiefenmessung:** Hohe Werte → philosophischer Kontext; **Kontext-Anpassung:** Erlaubt existenzielle Antwort-Modi,C:\Users\nicom\Desktop\Metriken\metrics_lib_complete\m8_x_exist.py,"Complete library: full coverage, generated/compiled implementation"
m90_resistance,5,diff,a63114ee78e0;c4bc31a7c833,"acceptance,arousal","acceptance,arousal","acceptance,arousal",,,,Inconsistent implementations across sources; outputs may diverge and propagate to downstream metrics.,,,No downstream info,C:\Users\nicom\Desktop\Metriken\metrics_lib_complete\m90_resistance.py,"Complete library: full coverage, generated/compiled implementation"
m91_emotional_coherence,5,diff,ad0aef667887;b89583f6b0d9,"PCI,t_disso","PCI,t_disso","PCI,t_disso",,,,Inconsistent implementations across sources; outputs may diverge and propagate to downstream metrics.,,,No downstream info,C:\Users\nicom\Desktop\Metriken\metrics_lib_complete\m91_emotional_coherence.py,"Complete library: full coverage, generated/compiled implementation"
m92_emotional_stability,5,diff,53f276ed6d71;9eb29cb4ce76,"arousal,valence","arousal,valence","arousal,valence",,,,Inconsistent implementations across sources; outputs may diverge and propagate to downstream metrics.,,,No downstream info,C:\Users\nicom\Desktop\Metriken\metrics_lib_complete\m92_emotional_stability.py,"Complete library: full coverage, generated/compiled implementation"
m93_emotional_range,5,diff,68d53dc56d27;72af82c2e2c8,"a,d,v","a,d,v","a,d,v",,,,Inconsistent implementations across sources; outputs may diverge and propagate to downstream metrics.,,,No downstream info,C:\Users\nicom\Desktop\Metriken\metrics_lib_complete\m93_emotional_range.py,"Complete library: full coverage, generated/compiled implementation"
m94_comfort,5,diff,53ffe357bc50;5b84359336b9,"arousal,valence","arousal,valence","arousal,valence",,,,Inconsistent implementations across sources; outputs may diverge and propagate to downstream metrics.,,,No downstream info,C:\Users\nicom\Desktop\Metriken\metrics_lib_complete\m94_comfort.py,"Complete library: full coverage, generated/compiled implementation"
m95_tension,5,diff,1bd229f6ad70;71944f3d8bcb,"arousal,valence","arousal,valence","arousal,valence",,,,Inconsistent implementations across sources; outputs may diverge and propagate to downstream metrics.,,,No downstream info,C:\Users\nicom\Desktop\Metriken\metrics_lib_complete\m95_tension.py,"Complete library: full coverage, generated/compiled implementation"
m96_grain_word,4,identical,ff565fdf5868,text,,text,"grain_word = word_complexity_score wobei: word_complexity_score = Σ(word_complexity_i) / word_count word_complexity_i = f(length, syllables, frequency)",text,,No code-level differences detected across sources (by AST hash).,Adds emotional nuance for response modulation,Lexicon/heuristic bias can misclassify context; Lexicon/marker dependency requires maintenance and context handling,Downstream impact if inconsistent: nan,C:\Users\nicom\Desktop\Metriken\metrics_lib_complete\m96_grain_word.py,"Complete library: full coverage, generated/compiled implementation"
m97_grain_cat,4,identical,918fcff8db85,grain_word,grain_word,grain_word,,,,No code-level differences detected across sources (by AST hash).,,,No downstream info,C:\Users\nicom\Desktop\Metriken\metrics_lib_complete\m97_grain_cat.py,"Complete library: full coverage, generated/compiled implementation"
m98_grain_score,4,identical,73cd65f88781,"grain_word,text","grain_word,text","grain_word,text",,,,No code-level differences detected across sources (by AST hash).,,,No downstream info,C:\Users\nicom\Desktop\Metriken\metrics_lib_complete\m98_grain_score.py,"Complete library: full coverage, generated/compiled implementation"
m99_grain_impact,4,identical,368387ccdba6,"A,grain_score","A,grain_score","A,grain_score",,,,No code-level differences detected across sources (by AST hash).,,,No downstream info,C:\Users\nicom\Desktop\Metriken\metrics_lib_complete\m99_grain_impact.py,"Complete library: full coverage, generated/compiled implementation"
m9_b_past,8,diff,142a98cab0e6;279896bb99ae,"b_past_lexikon,text","b_past_lexikon,text","b_past_lexikon,text","b_past = max(weight_i) für alle matches in AngstromLexika.B_PAST wobei: B_PAST = {""früher"": 0.7, ""erinnere"": 0.9, ""damals"": 0.8, ""war einmal"": 0.6, ""als ich"": 0.5, ""zurück"": 0.4, ...}",,**Ångström-Berechnung:** Fließt in m10_angstrom ein; **Trauma-Detektion:** Hohe Werte + hohe T_panic → potenzielle Verarbeitung; **Narrativ-Analyse:** Erkennt autobiographische Texte,Inconsistent implementations across sources; outputs may diverge and propagate to downstream metrics.,Foundational metric used by many downstream computations,Errors propagate widely across system,Downstream impact if inconsistent: **Ångström-Berechnung:** Fließt in m10_angstrom ein; **Trauma-Detektion:** Hohe Werte + hohe T_panic → potenzielle Verarbeitung; **Narrativ-Analyse:** Erkennt autobiographische Texte,C:\Users\nicom\Desktop\Metriken\metrics_lib_complete\m9_b_past.py,"Complete library: full coverage, generated/compiled implementation"
